"Московская обл., г. Пушкино, мкр. Дзержинец, д.1","Область","Московская обл.","МР/Г.О.","Пушкинский МР","Населенный пункт"," г. Пушкино","Микрорайон"," мкр. Дзержинец","Дом"," д.1",,
"Московская обл., г. Пушкино, мкр. Дзержинец, д.4","Область","Московская обл.","МР/Г.О.","Пушкинский МР","Населенный пункт"," г. Пушкино","Микрорайон"," мкр. Дзержинец","Дом"," д.4",,
"Московская обл., г. Пушкино, мкр. Дзержинец, д.5","Область","Московская обл.","МР/Г.О.","Пушкинский МР","Населенный пункт"," г. Пушкино","Микрорайон"," мкр. Дзержинец","Дом"," д.5",,
"Московская обл., г. Пушкино, мкр. Дзержинец, д.6","Область","Московская обл.","МР/Г.О.","Пушкинский МР","Населенный пункт"," г. Пушкино","Микрорайон"," мкр. Дзержинец","Дом"," д.6",,
"Московская обл., г. Пушкино, мкр. Дзержинец, д.7","Область","Московская обл.","МР/Г.О.","Пушкинский МР","Населенный пункт"," г. Пушкино","Микрорайон"," мкр. Дзержинец","Дом"," д.7",,
"Московская обл., г. Пушкино, мкр. Дзержинец, д.8","Область","Московская обл.","МР/Г.О.","Пушкинский МР","Населенный пункт"," г. Пушкино","Микрорайон"," мкр. Дзержинец","Дом"," д.8",,
"Московская обл., г. Пушкино, мкр. Дзержинец, д.9","Область","Московская обл.","МР/Г.О.","Пушкинский МР","Населенный пункт"," г. Пушкино","Микрорайон"," мкр. Дзержинец","Дом"," д.9",,
"Московская обл., г. Пушкино, мкр. Дзержинец, д.10","Область","Московская обл.","МР/Г.О.","Пушкинский МР","Населенный пункт"," г. Пушкино","Микрорайон"," мкр. Дзержинец","Дом"," д.10",,
"Московская обл., г. Пушкино, мкр. Дзержинец, д.12","Область","Московская обл.","МР/Г.О.","Пушкинский МР","Населенный пункт"," г. Пушкино","Микрорайон"," мкр. Дзержинец","Дом"," д.12",,
"Московская обл., г. Пушкино, мкр. Дзержинец, д.13","Область","Московская обл.","МР/Г.О.","Пушкинский МР","Населенный пункт"," г. Пушкино","Микрорайон"," мкр. Дзержинец","Дом"," д.13",,
"Московская обл., г. Пушкино, мкр. Дзержинец, д.15","Область","Московская обл.","МР/Г.О.","Пушкинский МР","Населенный пункт"," г. Пушкино","Микрорайон"," мкр. Дзержинец","Дом"," д.15",,
"Московская обл., г. Пушкино, мкр. Дзержинец, д.16","Область","Московская обл.","МР/Г.О.","Пушкинский МР","Населенный пункт"," г. Пушкино","Микрорайон"," мкр. Дзержинец","Дом"," д.16",,
"Московская обл., г. Пушкино, мкр. Дзержинец, д.17","Область","Московская обл.","МР/Г.О.","Пушкинский МР","Населенный пункт"," г. Пушкино","Микрорайон"," мкр. Дзержинец","Дом"," д.17",,
"Московская обл., г. Пушкино, мкр. Дзержинец, д.18","Область","Московская обл.","МР/Г.О.","Пушкинский МР","Населенный пункт"," г. Пушкино","Микрорайон"," мкр. Дзержинец","Дом"," д.18",,
"Московская обл., г. Пушкино, мкр. Дзержинец, д.19","Область","Московская обл.","МР/Г.О.","Пушкинский МР","Населенный пункт"," г. Пушкино","Микрорайон"," мкр. Дзержинец","Дом"," д.19",,
"Московская обл., г. Пушкино, мкр. Дзержинец, д.23","Область","Московская обл.","МР/Г.О.","Пушкинский МР","Населенный пункт"," г. Пушкино","Микрорайон"," мкр. Дзержинец","Дом"," д.23",,
"Московская обл., г. Пушкино, мкр. Дзержинец, д.26","Область","Московская обл.","МР/Г.О.","Пушкинский МР","Населенный пункт"," г. Пушкино","Микрорайон"," мкр. Дзержинец","Дом"," д.26",,
"Московская обл., г. Пушкино, мкр. Дзержинец, д.28","Область","Московская обл.","МР/Г.О.","Пушкинский МР","Населенный пункт"," г. Пушкино","Микрорайон"," мкр. Дзержинец","Дом"," д.28",,
"Московская обл., г. Пушкино, мкр. Дзержинец, д.29","Область","Московская обл.","МР/Г.О.","Пушкинский МР","Населенный пункт"," г. Пушкино","Микрорайон"," мкр. Дзержинец","Дом"," д.29",,
"Московская обл., г. Пушкино, мкр. Дзержинец, д.30","Область","Московская обл.","МР/Г.О.","Пушкинский МР","Населенный пункт"," г. Пушкино","Микрорайон"," мкр. Дзержинец","Дом"," д.30",,
"Московская обл., г. Пушкино, мкр. Дзержинец, ул. Институтская, д.10","Область","Московская обл.","МР/Г.О.","Пушкинский МР","Населенный пункт"," г. Пушкино","Микрорайон"," мкр. Дзержинец","Улица","    Институтская","Дом"," д.10"
"Московская обл., г. Пушкино, мкр. Дзержинец, ул. Институтская, д.13","Область","Московская обл.","МР/Г.О.","Пушкинский МР","Населенный пункт"," г. Пушкино","Микрорайон"," мкр. Дзержинец","Улица","    Институтская","Дом"," д.13"
"Московская обл., г. Пушкино, мкр. Дзержинец, ул. Институтская, д.14","Область","Московская обл.","МР/Г.О.","Пушкинский МР","Населенный пункт"," г. Пушкино","Микрорайон"," мкр. Дзержинец","Улица","    Институтская","Дом"," д.14"
"Московская обл., г. Пушкино, мкр. Дзержинец, ул. Институтская, д.16","Область","Московская обл.","МР/Г.О.","Пушкинский МР","Населенный пункт"," г. Пушкино","Микрорайон"," мкр. Дзержинец","Улица","    Институтская","Дом"," д.16"
"Московская обл., г. Пушкино, мкр. Дзержинец, ул. Институтская, д.18","Область","Московская обл.","МР/Г.О.","Пушкинский МР","Населенный пункт"," г. Пушкино","Микрорайон"," мкр. Дзержинец","Улица","    Институтская","Дом"," д.18"
"Московская обл., г. Пушкино, мкр. Дзержинец, ул. Институтская, д.19","Область","Московская обл.","МР/Г.О.","Пушкинский МР","Населенный пункт"," г. Пушкино","Микрорайон"," мкр. Дзержинец","Улица","    Институтская","Дом"," д.19"
"Московская обл., г. Пушкино, мкр. Дзержинец, ул. Институтская, д.21","Область","Московская обл.","МР/Г.О.","Пушкинский МР","Населенный пункт"," г. Пушкино","Микрорайон"," мкр. Дзержинец","Улица","    Институтская","Дом"," д.21"
"Московская обл., г. Пушкино, ул. Левковская гора, д.5","Область","Московская обл.","МР/Г.О.","Пушкинский МР","Населенный пункт"," г. Пушкино","Улица","    Левковская гора","Дом"," д.5",,
"Московская обл., г. Пушкино, ул. Набережная, д.35 к.5","Область","Московская обл.","МР/Г.О.","Пушкинский МР","Населенный пункт"," г. Пушкино","Улица","    Набережная","Дом"," д.35 к.5",,
"Московская обл., г. Пушкино, мкр. Серебрянка, д.1","Область","Московская обл.","МР/Г.О.","Пушкинский МР","Населенный пункт"," г. Пушкино","Микрорайон"," мкр. Серебрянка","Дом"," д.1",,
"Московская обл., г. Пушкино, мкр. Серебрянка, д.2","Область","Московская обл.","МР/Г.О.","Пушкинский МР","Населенный пункт"," г. Пушкино","Микрорайон"," мкр. Серебрянка","Дом"," д.2",,
"Московская обл., г. Пушкино, мкр. Серебрянка, д.3","Область","Московская обл.","МР/Г.О.","Пушкинский МР","Населенный пункт"," г. Пушкино","Микрорайон"," мкр. Серебрянка","Дом"," д.3",,
"Московская обл., г. Пушкино, мкр. Серебрянка, д.4","Область","Московская обл.","МР/Г.О.","Пушкинский МР","Населенный пункт"," г. Пушкино","Микрорайон"," мкр. Серебрянка","Дом"," д.4",,
"Московская обл., г. Пушкино, мкр. Серебрянка, д.5","Область","Московская обл.","МР/Г.О.","Пушкинский МР","Населенный пункт"," г. Пушкино","Микрорайон"," мкр. Серебрянка","Дом"," д.5",,
"Московская обл., г. Пушкино, мкр. Серебрянка, д.6","Область","Московская обл.","МР/Г.О.","Пушкинский МР","Населенный пункт"," г. Пушкино","Микрорайон"," мкр. Серебрянка","Дом"," д.6",,
"Московская обл., г. Пушкино, мкр. Серебрянка, д.8","Область","Московская обл.","МР/Г.О.","Пушкинский МР","Населенный пункт"," г. Пушкино","Микрорайон"," мкр. Серебрянка","Дом"," д.8",,
"Московская обл., г. Пушкино, мкр. Серебрянка, д.9","Область","Московская обл.","МР/Г.О.","Пушкинский МР","Населенный пункт"," г. Пушкино","Микрорайон"," мкр. Серебрянка","Дом"," д.9",,
"Московская обл., г. Пушкино, мкр. Серебрянка, д.10","Область","Московская обл.","МР/Г.О.","Пушкинский МР","Населенный пункт"," г. Пушкино","Микрорайон"," мкр. Серебрянка","Дом"," д.10",,
"Московская обл., г. Пушкино, мкр. Серебрянка, д.11","Область","Московская обл.","МР/Г.О.","Пушкинский МР","Населенный пункт"," г. Пушкино","Микрорайон"," мкр. Серебрянка","Дом"," д.11",,
"Московская обл., г. Пушкино, мкр. Серебрянка, д.15","Область","Московская обл.","МР/Г.О.","Пушкинский МР","Населенный пункт"," г. Пушкино","Микрорайон"," мкр. Серебрянка","Дом"," д.15",,
"Московская обл., г. Пушкино, мкр. Серебрянка, д.16","Область","Московская обл.","МР/Г.О.","Пушкинский МР","Населенный пункт"," г. Пушкино","Микрорайон"," мкр. Серебрянка","Дом"," д.16",,
"Московская обл., г. Пушкино, мкр. Серебрянка, д.18","Область","Московская обл.","МР/Г.О.","Пушкинский МР","Населенный пункт"," г. Пушкино","Микрорайон"," мкр. Серебрянка","Дом"," д.18",,
"Московская обл., г. Пушкино, мкр. Серебрянка, д.21","Область","Московская обл.","МР/Г.О.","Пушкинский МР","Населенный пункт"," г. Пушкино","Микрорайон"," мкр. Серебрянка","Дом"," д.21",,
"Московская обл., г. Пушкино, мкр. Серебрянка, д.22","Область","Московская обл.","МР/Г.О.","Пушкинский МР","Населенный пункт"," г. Пушкино","Микрорайон"," мкр. Серебрянка","Дом"," д.22",,
"Московская обл., г. Пушкино, мкр. Серебрянка, д.23","Область","Московская обл.","МР/Г.О.","Пушкинский МР","Населенный пункт"," г. Пушкино","Микрорайон"," мкр. Серебрянка","Дом"," д.23",,
"Московская обл., г. Пушкино, мкр. Серебрянка, д.24","Область","Московская обл.","МР/Г.О.","Пушкинский МР","Населенный пункт"," г. Пушкино","Микрорайон"," мкр. Серебрянка","Дом"," д.24",,
"Московская обл., г. Пушкино, мкр. Серебрянка, д.25","Область","Московская обл.","МР/Г.О.","Пушкинский МР","Населенный пункт"," г. Пушкино","Микрорайон"," мкр. Серебрянка","Дом"," д.25",,
"Московская обл., г. Пушкино, мкр. Серебрянка, д.26","Область","Московская обл.","МР/Г.О.","Пушкинский МР","Населенный пункт"," г. Пушкино","Микрорайон"," мкр. Серебрянка","Дом"," д.26",,
"Московская обл., г. Пушкино, мкр. Серебрянка, д.27","Область","Московская обл.","МР/Г.О.","Пушкинский МР","Населенный пункт"," г. Пушкино","Микрорайон"," мкр. Серебрянка","Дом"," д.27",,
"Московская обл., г. Пушкино, мкр. Серебрянка, д.28","Область","Московская обл.","МР/Г.О.","Пушкинский МР","Населенный пункт"," г. Пушкино","Микрорайон"," мкр. Серебрянка","Дом"," д.28",,
"Московская обл., г. Пушкино, мкр. Серебрянка, д.50","Область","Московская обл.","МР/Г.О.","Пушкинский МР","Населенный пункт"," г. Пушкино","Микрорайон"," мкр. Серебрянка","Дом"," д.50",,
"Московская обл., г. Пушкино, мкр. Серебрянка, д.51","Область","Московская обл.","МР/Г.О.","Пушкинский МР","Населенный пункт"," г. Пушкино","Микрорайон"," мкр. Серебрянка","Дом"," д.51",,
"Московская обл., г. Пушкино, мкр. Серебрянка, д.52","Область","Московская обл.","МР/Г.О.","Пушкинский МР","Населенный пункт"," г. Пушкино","Микрорайон"," мкр. Серебрянка","Дом"," д.52",,
"Московская обл., г. Пушкино, мкр. Серебрянка, д.53","Область","Московская обл.","МР/Г.О.","Пушкинский МР","Населенный пункт"," г. Пушкино","Микрорайон"," мкр. Серебрянка","Дом"," д.53",,
"Московская обл., г. Пушкино, мкр. Серебрянка, д.57","Область","Московская обл.","МР/Г.О.","Пушкинский МР","Населенный пункт"," г. Пушкино","Микрорайон"," мкр. Серебрянка","Дом"," д.57",,
"Московская обл., г. Пушкино, мкр. Серебрянка, д.58","Область","Московская обл.","МР/Г.О.","Пушкинский МР","Населенный пункт"," г. Пушкино","Микрорайон"," мкр. Серебрянка","Дом"," д.58",,
"Московская обл., г. Пушкино, ул. Ярославское ш., д.174","Область","Московская обл.","МР/Г.О.","Пушкинский МР","Населенный пункт"," г. Пушкино","Улица","    Ярославское шоссе","Дом"," д.174",,
"Московская обл., г. Пушкино, ул. Ярославское ш., д.176","Область","Московская обл.","МР/Г.О.","Пушкинский МР","Населенный пункт"," г. Пушкино","Улица","    Ярославское шоссе","Дом"," д.176",,
"Московская обл., г. Пушкино, ул. Ярославское ш., д.178","Область","Московская обл.","МР/Г.О.","Пушкинский МР","Населенный пункт"," г. Пушкино","Улица","    Ярославское шоссе","Дом"," д.178",,
"Московская обл., г. Пушкино, пр-д И. Арманд, д.3","Область","Московская обл.","МР/Г.О.","Пушкинский МР","Населенный пункт"," г. Пушкино","Улица"," пр-д И. Арманд","Дом"," д.3",,
"Московская обл., г. Пушкино, пр-д И. Арманд, д.5","Область","Московская обл.","МР/Г.О.","Пушкинский МР","Населенный пункт"," г. Пушкино","Улица"," пр-д И. Арманд","Дом"," д.5",,
"Московская обл., г. Пушкино, пр-д И. Арманд, д.17","Область","Московская обл.","МР/Г.О.","Пушкинский МР","Населенный пункт"," г. Пушкино","Улица"," пр-д И. Арманд","Дом"," д.17",,
"Московская обл., г. Пушкино, пр-д И. Арманд, д.27","Область","Московская обл.","МР/Г.О.","Пушкинский МР","Населенный пункт"," г. Пушкино","Улица"," пр-д И. Арманд","Дом"," д.27",,
"Московская обл., г. Пушкино, ул. Луговая, д.47","Область","Московская обл.","МР/Г.О.","Пушкинский МР","Населенный пункт"," г. Пушкино","Улица","    Луговая","Дом"," д.47",,
"Московская обл., г. Пушкино, ул. Набережная, д.1","Область","Московская обл.","МР/Г.О.","Пушкинский МР","Населенный пункт"," г. Пушкино","Улица","    Набережная","Дом"," д.1",,
"Московская обл., г. Пушкино, ул. Набережная, д.2","Область","Московская обл.","МР/Г.О.","Пушкинский МР","Населенный пункт"," г. Пушкино","Улица","    Набережная","Дом"," д.2",,
"Московская обл., г. Пушкино, ул. Набережная, д.3","Область","Московская обл.","МР/Г.О.","Пушкинский МР","Населенный пункт"," г. Пушкино","Улица","    Набережная","Дом"," д.3",,
"Московская обл., г. Пушкино, ул. Набережная, д.4","Область","Московская обл.","МР/Г.О.","Пушкинский МР","Населенный пункт"," г. Пушкино","Улица","    Набережная","Дом"," д.4",,
"Московская обл., г. Пушкино, ул. Пушкинское ш., д. 2","Область","Московская обл.","МР/Г.О.","Пушкинский МР","Населенный пункт"," г. Пушкино","Улица","    Пушкинское шоссе","Дом"," д. 2",,
"Московская обл., г. Пушкино, ул. Пушкинское ш., д. 2а","Область","Московская обл.","МР/Г.О.","Пушкинский МР","Населенный пункт"," г. Пушкино","Улица","    Пушкинское шоссе","Дом"," д. 2а",,
"Московская обл., г. Пушкино, ул. Пушкинское ш., д. 3","Область","Московская обл.","МР/Г.О.","Пушкинский МР","Населенный пункт"," г. Пушкино","Улица","    Пушкинское шоссе","Дом"," д. 3",,
"Московская обл., г. Пушкино, ул. Пушкинское ш., д. 4","Область","Московская обл.","МР/Г.О.","Пушкинский МР","Населенный пункт"," г. Пушкино","Улица","    Пушкинское шоссе","Дом"," д. 4",,
"Московская обл., г. Пушкино, ул. Пушкинское ш., д. 6","Область","Московская обл.","МР/Г.О.","Пушкинский МР","Населенный пункт"," г. Пушкино","Улица","    Пушкинское шоссе","Дом"," д. 6",,
"Московская обл., г. Пушкино, ул. Пушкинское ш., д. 8","Область","Московская обл.","МР/Г.О.","Пушкинский МР","Населенный пункт"," г. Пушкино","Улица","    Пушкинское шоссе","Дом"," д. 8",,
"Московская обл., г. Пушкино, Ярославское ш., д.4","Область","Московская обл.","МР/Г.О.","Пушкинский МР","Населенный пункт"," г. Пушкино","Улица"," Ярославское шоссе","Дом"," д.4",,
"Московская обл., г. Пушкино, Ярославское ш., д.6","Область","Московская обл.","МР/Г.О.","Пушкинский МР","Населенный пункт"," г. Пушкино","Улица"," Ярославское шоссе","Дом"," д.6",,
"Московская обл., г. Пушкино, Ярославское ш., д.8","Область","Московская обл.","МР/Г.О.","Пушкинский МР","Населенный пункт"," г. Пушкино","Улица"," Ярославское шоссе","Дом"," д.8",,
"Московская обл., г. Пушкино, Ярославское ш., д.8а","Область","Московская обл.","МР/Г.О.","Пушкинский МР","Населенный пункт"," г. Пушкино","Улица"," Ярославское шоссе","Дом"," д.8а",,
"Московская обл., г. Пушкино, Ярославское ш., д.8д","Область","Московская обл.","МР/Г.О.","Пушкинский МР","Населенный пункт"," г. Пушкино","Улица"," Ярославское шоссе","Дом"," д.8д",,
"Московская обл., г. Пушкино, ул. Октябрьская, д.28","Область","Московская обл.","МР/Г.О.","Пушкинский МР","Населенный пункт"," г. Пушкино","Улица","    Октябрьская","Дом"," д.28",,
"Московская обл., г. Пушкино, ул. Октябрьская, д.30","Область","Московская обл.","МР/Г.О.","Пушкинский МР","Населенный пункт"," г. Пушкино","Улица","    Октябрьская","Дом"," д.30",,
"Московская обл., г. Пушкино, ул. Октябрьская, д.32","Область","Московская обл.","МР/Г.О.","Пушкинский МР","Населенный пункт"," г. Пушкино","Улица","    Октябрьская","Дом"," д.32",,
"Московская обл., г. Пушкино, ул. Октябрьская, д.34","Область","Московская обл.","МР/Г.О.","Пушкинский МР","Населенный пункт"," г. Пушкино","Улица","    Октябрьская","Дом"," д.34",,
"Московская обл., г. Пушкино, ул. Октябрьская, д.38","Область","Московская обл.","МР/Г.О.","Пушкинский МР","Населенный пункт"," г. Пушкино","Улица","    Октябрьская","Дом"," д.38",,
"Московская обл., г. Пушкино, ул. Октябрьская, д.40","Область","Московская обл.","МР/Г.О.","Пушкинский МР","Населенный пункт"," г. Пушкино","Улица","    Октябрьская","Дом"," д.40",,
"Московская обл., г. Пушкино, ул. Октябрьская, д.45","Область","Московская обл.","МР/Г.О.","Пушкинский МР","Населенный пункт"," г. Пушкино","Улица","    Октябрьская","Дом"," д.45",,
"Московская обл., г. Пушкино, ул. Октябрьская, д.61","Область","Московская обл.","МР/Г.О.","Пушкинский МР","Населенный пункт"," г. Пушкино","Улица","    Октябрьская","Дом"," д.61",,
"Московская обл., г. Пушкино, мкр. Мамонтовка, ул. Октябрьская, д.2","Область","Московская обл.","МР/Г.О.","Пушкинский МР","Населенный пункт"," г. Пушкино","Микрорайон"," мкр. Мамонтовка","Улица","    Октябрьская","Дом"," д.2"
"Московская обл., г. Пушкино, ул. Разина, д.4","Область","Московская обл.","МР/Г.О.","Пушкинский МР","Населенный пункт"," г. Пушкино","Улица","    Разина","Дом"," д.4",,
"Московская обл., г. Пушкино, ул. Разина, д.5","Область","Московская обл.","МР/Г.О.","Пушкинский МР","Населенный пункт"," г. Пушкино","Улица","    Разина","Дом"," д.5",,
"Московская обл., г. Пушкино, ул. Разина, д.6","Область","Московская обл.","МР/Г.О.","Пушкинский МР","Населенный пункт"," г. Пушкино","Улица","    Разина","Дом"," д.6",,
"Московская обл., г. Пушкино, ул. Разина, д.11","Область","Московская обл.","МР/Г.О.","Пушкинский МР","Населенный пункт"," г. Пушкино","Улица","    Разина","Дом"," д.11",,
"Московская обл., г. Пушкино, ул. Соколовская, д.18","Область","Московская обл.","МР/Г.О.","Пушкинский МР","Населенный пункт"," г. Пушкино","Улица","    Соколовская","Дом"," д.18",,
"Московская обл., г. Пушкино, ул. Соколовская, д.31","Область","Московская обл.","МР/Г.О.","Пушкинский МР","Населенный пункт"," г. Пушкино","Улица","    Соколовская","Дом"," д.31",,
"Московская обл., г. Пушкино, ул. Спортивная, д.1","Область","Московская обл.","МР/Г.О.","Пушкинский МР","Населенный пункт"," г. Пушкино","Улица","    Спортивная","Дом"," д.1",,
"Московская обл., г. Пушкино, ул. Спортивная, д.3","Область","Московская обл.","МР/Г.О.","Пушкинский МР","Населенный пункт"," г. Пушкино","Улица","    Спортивная","Дом"," д.3",,
"Московская обл., г. Пушкино, ул. Спортивная, д.5","Область","Московская обл.","МР/Г.О.","Пушкинский МР","Населенный пункт"," г. Пушкино","Улица","    Спортивная","Дом"," д.5",,
"Московская обл., г. Пушкино, ул. Текстильщиков, д.1","Область","Московская обл.","МР/Г.О.","Пушкинский МР","Населенный пункт"," г. Пушкино","Улица","    Текстильщиков","Дом"," д.1",,
"Московская обл., г. Пушкино, ул. Текстильщиков, д.3","Область","Московская обл.","МР/Г.О.","Пушкинский МР","Населенный пункт"," г. Пушкино","Улица","    Текстильщиков","Дом"," д.3",,
"Московская обл., г. Пушкино, ул. Текстильщиков, д.5","Область","Московская обл.","МР/Г.О.","Пушкинский МР","Населенный пункт"," г. Пушкино","Улица","    Текстильщиков","Дом"," д.5",,
"Московская обл., г. Пушкино, ул. Текстильщиков, д.6","Область","Московская обл.","МР/Г.О.","Пушкинский МР","Населенный пункт"," г. Пушкино","Улица","    Текстильщиков","Дом"," д.6",,
"Московская обл., г. Пушкино, ул. Текстильщиков, д.8","Область","Московская обл.","МР/Г.О.","Пушкинский МР","Населенный пункт"," г. Пушкино","Улица","    Текстильщиков","Дом"," д.8",,
"Московская обл., г. Пушкино, ул. Текстильщиков, д.10","Область","Московская обл.","МР/Г.О.","Пушкинский МР","Населенный пункт"," г. Пушкино","Улица","    Текстильщиков","Дом"," д.10",,
"Московская обл., г. Пушкино, ул. Центральная, д.2","Область","Московская обл.","МР/Г.О.","Пушкинский МР","Населенный пункт"," г. Пушкино","Улица","    Центральная","Дом"," д.2",,
"Московская обл., г. Пушкино, Центральный пр-д, д.4","Область","Московская обл.","МР/Г.О.","Пушкинский МР","Населенный пункт"," г. Пушкино","Улица"," Центральный пр-д","Дом"," д.4",,
"Московская обл., г. Пушкино, ул. Чапаева, д.9/11","Область","Московская обл.","МР/Г.О.","Пушкинский МР","Населенный пункт"," г. Пушкино","Улица","    Чапаева","Дом"," д.9/11",,
"Московская обл., г. Пушкино, мкр. Мамонтовка, ул. Горького, д.1","Область","Московская обл.","МР/Г.О.","Пушкинский МР","Населенный пункт"," г. Пушкино","Микрорайон"," мкр. Мамонтовка","Улица","    Горького","Дом"," д.1"
"Московская обл., г. Пушкино, мкр. Мамонтовка, ул. Горького, д.1а","Область","Московская обл.","МР/Г.О.","Пушкинский МР","Населенный пункт"," г. Пушкино","Микрорайон"," мкр. Мамонтовка","Улица","    Горького","Дом"," д.1а"
"Московская обл., г. Пушкино, мкр. Мамонтовка, ул. Горького, д.2","Область","Московская обл.","МР/Г.О.","Пушкинский МР","Населенный пункт"," г. Пушкино","Микрорайон"," мкр. Мамонтовка","Улица","    Горького","Дом"," д.2"
"Московская обл., г. Пушкино, мкр. Мамонтовка, ул. Горького, д.3","Область","Московская обл.","МР/Г.О.","Пушкинский МР","Населенный пункт"," г. Пушкино","Микрорайон"," мкр. Мамонтовка","Улица","    Горького","Дом"," д.3"
"Московская обл., г. Пушкино, мкр. Мамонтовка, ул. Горького, д.4","Область","Московская обл.","МР/Г.О.","Пушкинский МР","Населенный пункт"," г. Пушкино","Микрорайон"," мкр. Мамонтовка","Улица","    Горького","Дом"," д.4"
"Московская обл., г. Пушкино, мкр. Клязьма, ул. Андреевская, д.14","Область","Московская обл.","МР/Г.О.","Пушкинский МР","Населенный пункт"," г. Пушкино","Микрорайон"," мкр. Клязьма","Улица","    Андреевская","Дом"," д.14"
"Московская обл., г. Пушкино, мкр. Клязьма, ул. Андреевская, д.14а","Область","Московская обл.","МР/Г.О.","Пушкинский МР","Населенный пункт"," г. Пушкино","Микрорайон"," мкр. Клязьма","Улица","    Андреевская","Дом"," д.14а"
"Московская обл., г. Пушкино, мкр. Клязьма, ул. Гоголевская, д.52","Область","Московская обл.","МР/Г.О.","Пушкинский МР","Населенный пункт"," г. Пушкино","Микрорайон"," мкр. Клязьма","Улица","    Гоголевская","Дом"," д.52"
"Московская обл., г. Пушкино, мкр. Клязьма, ул. Горьковская, д.5","Область","Московская обл.","МР/Г.О.","Пушкинский МР","Населенный пункт"," г. Пушкино","Микрорайон"," мкр. Клязьма","Улица","    Горьковская","Дом"," д.5"
"Московская обл., г. Пушкино, мкр. Клязьма, ул. Державинская, д.2/41 а","Область","Московская обл.","МР/Г.О.","Пушкинский МР","Населенный пункт"," г. Пушкино","Микрорайон"," мкр. Клязьма","Улица","    Державинская","Дом"," д.2/41 а"
"Московская обл., г. Пушкино, мкр. Клязьма, ул. Державинская, д.2/41 а-2","Область","Московская обл.","МР/Г.О.","Пушкинский МР","Населенный пункт"," г. Пушкино","Микрорайон"," мкр. Клязьма","Улица","    Державинская","Дом"," д.2/41 а-2"
"Московская обл., г. Пушкино, мкр. Клязьма, ул. Крыловская, д.27","Область","Московская обл.","МР/Г.О.","Пушкинский МР","Населенный пункт"," г. Пушкино","Микрорайон"," мкр. Клязьма","Улица","    Крыловская","Дом"," д.27"
"Московская обл., г. Пушкино, мкр. Клязьма, ул. Крыловская, д.27а","Область","Московская обл.","МР/Г.О.","Пушкинский МР","Населенный пункт"," г. Пушкино","Микрорайон"," мкр. Клязьма","Улица","    Крыловская","Дом"," д.27а"
"Московская обл., г. Пушкино, мкр. Клязьма, ул. Крыловская, д.67а","Область","Московская обл.","МР/Г.О.","Пушкинский МР","Населенный пункт"," г. Пушкино","Микрорайон"," мкр. Клязьма","Улица","    Крыловская","Дом"," д.67а"
"Московская обл., г. Пушкино, мкр. Клязьма, ул. Крыловская, д.67б","Область","Московская обл.","МР/Г.О.","Пушкинский МР","Населенный пункт"," г. Пушкино","Микрорайон"," мкр. Клязьма","Улица","    Крыловская","Дом"," д.67б"
"Московская обл., г. Пушкино, мкр. Клязьма, ул. Лермонтовская, д.1а","Область","Московская обл.","МР/Г.О.","Пушкинский МР","Населенный пункт"," г. Пушкино","Микрорайон"," мкр. Клязьма","Улица","    Лермонтовская","Дом"," д.1а"
"Московская обл., г. Пушкино, мкр. Клязьма, ул. Лермонтовская, д.10 к.12","Область","Московская обл.","МР/Г.О.","Пушкинский МР","Населенный пункт"," г. Пушкино","Микрорайон"," мкр. Клязьма","Улица","    Лермонтовская","Дом"," д.10 к.12"
"Московская обл., г. Пушкино, мкр. Клязьма, ул. Лермонтовская, д.13а","Область","Московская обл.","МР/Г.О.","Пушкинский МР","Населенный пункт"," г. Пушкино","Микрорайон"," мкр. Клязьма","Улица","    Лермонтовская","Дом"," д.13а"
"Московская обл., г. Пушкино, мкр. Клязьма, ул. Толстовская, д.6","Область","Московская обл.","МР/Г.О.","Пушкинский МР","Населенный пункт"," г. Пушкино","Микрорайон"," мкр. Клязьма","Улица","    Толстовская","Дом"," д.6"
"Московская обл., г. Пушкино, мкр. Клязьма, ул. Чеховская, д.17","Область","Московская обл.","МР/Г.О.","Пушкинский МР","Населенный пункт"," г. Пушкино","Микрорайон"," мкр. Клязьма","Улица","    Чеховская","Дом"," д.17"
"Московская обл., г. Пушкино, ул. Русакова, д.4","Область","Московская обл.","МР/Г.О.","Пушкинский МР","Населенный пункт"," г. Пушкино","Улица","    Русакова","Дом"," д.4",,
"Московская обл., г. Пушкино, ул. Русакова, д.5","Область","Московская обл.","МР/Г.О.","Пушкинский МР","Населенный пункт"," г. Пушкино","Улица","    Русакова","Дом"," д.5",,
"Московская обл., г. Пушкино, Авиационный пр-д, д.13","Область","Московская обл.","МР/Г.О.","Пушкинский МР","Населенный пункт"," г. Пушкино","Улица"," Авиационный пр-д","Дом"," д.13",,
"Московская обл., г. Пушкино, Акуловское ш., д.15 к.1","Область","Московская обл.","МР/Г.О.","Пушкинский МР","Населенный пункт"," г. Пушкино","Улица"," Акуловское шоссе","Дом"," д.15 к.1",,
"Московская обл., г. Пушкино, Акуловское ш., д.15 к.2","Область","Московская обл.","МР/Г.О.","Пушкинский МР","Населенный пункт"," г. Пушкино","Улица"," Акуловское шоссе","Дом"," д.15 к.2",,
"Московская обл., г. Пушкино, Акуловское ш., д.15 к.3","Область","Московская обл.","МР/Г.О.","Пушкинский МР","Населенный пункт"," г. Пушкино","Улица"," Акуловское шоссе","Дом"," д.15 к.3",,
"Московская обл., г. Пушкино, Акуловское ш., д.15 к.4","Область","Московская обл.","МР/Г.О.","Пушкинский МР","Населенный пункт"," г. Пушкино","Улица"," Акуловское шоссе","Дом"," д.15 к.4",,
"Московская обл., г. Пушкино, Акуловское ш., д.15 к.5","Область","Московская обл.","МР/Г.О.","Пушкинский МР","Населенный пункт"," г. Пушкино","Улица"," Акуловское шоссе","Дом"," д.15 к.5",,
"Московская обл., г. Пушкино, Акуловское ш., д.15 к.6","Область","Московская обл.","МР/Г.О.","Пушкинский МР","Населенный пункт"," г. Пушкино","Улица"," Акуловское шоссе","Дом"," д.15 к.6",,
"Московская обл., г. Пушкино, Акуловское ш., д.15 к.7","Область","Московская обл.","МР/Г.О.","Пушкинский МР","Населенный пункт"," г. Пушкино","Улица"," Акуловское шоссе","Дом"," д.15 к.7",,
"Московская обл., г. Пушкино, Акуловское ш., д.15 к.8","Область","Московская обл.","МР/Г.О.","Пушкинский МР","Населенный пункт"," г. Пушкино","Улица"," Акуловское шоссе","Дом"," д.15 к.8",,
"Московская обл., г. Пушкино, Акуловское ш., д.15 к.9","Область","Московская обл.","МР/Г.О.","Пушкинский МР","Населенный пункт"," г. Пушкино","Улица"," Акуловское шоссе","Дом"," д.15 к.9",,
"Московская обл., г. Пушкино, Акуловское ш., д.15 к.10","Область","Московская обл.","МР/Г.О.","Пушкинский МР","Населенный пункт"," г. Пушкино","Улица"," Акуловское шоссе","Дом"," д.15 к.10",,
"Московская обл., г. Пушкино, Акуловское ш., д.15 к.11","Область","Московская обл.","МР/Г.О.","Пушкинский МР","Населенный пункт"," г. Пушкино","Улица"," Акуловское шоссе","Дом"," д.15 к.11",,
"Московская обл., г. Пушкино, Акуловское ш., д.15 к.12","Область","Московская обл.","МР/Г.О.","Пушкинский МР","Населенный пункт"," г. Пушкино","Улица"," Акуловское шоссе","Дом"," д.15 к.12",,
"Московская обл., г. Пушкино, Акуловское ш., д.15 к.13","Область","Московская обл.","МР/Г.О.","Пушкинский МР","Населенный пункт"," г. Пушкино","Улица"," Акуловское шоссе","Дом"," д.15 к.13",,
"Московская обл., г. Пушкино, Акуловское ш., д.22/9","Область","Московская обл.","МР/Г.О.","Пушкинский МР","Населенный пункт"," г. Пушкино","Улица"," Акуловское шоссе","Дом"," д.22/9",,
"Московская обл., г. Пушкино, Акуловское ш., д.23/3","Область","Московская обл.","МР/Г.О.","Пушкинский МР","Населенный пункт"," г. Пушкино","Улица"," Акуловское шоссе","Дом"," д.23/3",,
"Московская обл., г. Пушкино, Акуловское ш., д.27","Область","Московская обл.","МР/Г.О.","Пушкинский МР","Населенный пункт"," г. Пушкино","Улица"," Акуловское шоссе","Дом"," д.27",,
"Московская обл., г. Пушкино, Акуловское ш., д.30","Область","Московская обл.","МР/Г.О.","Пушкинский МР","Населенный пункт"," г. Пушкино","Улица"," Акуловское шоссе","Дом"," д.30",,
"Московская обл., г. Пушкино, Акуловское ш., д.34","Область","Московская обл.","МР/Г.О.","Пушкинский МР","Населенный пункт"," г. Пушкино","Улица"," Акуловское шоссе","Дом"," д.34",,
"Московская обл., г. Пушкино, Акуловское ш., д.35","Область","Московская обл.","МР/Г.О.","Пушкинский МР","Населенный пункт"," г. Пушкино","Улица"," Акуловское шоссе","Дом"," д.35",,
"Московская обл., г. Пушкино, Акуловское ш., д.36","Область","Московская обл.","МР/Г.О.","Пушкинский МР","Населенный пункт"," г. Пушкино","Улица"," Акуловское шоссе","Дом"," д.36",,
"Московская обл., г. Пушкино, Акуловское ш., д.37","Область","Московская обл.","МР/Г.О.","Пушкинский МР","Населенный пункт"," г. Пушкино","Улица"," Акуловское шоссе","Дом"," д.37",,
"Московская обл., г. Пушкино, Акуловское ш., д.38","Область","Московская обл.","МР/Г.О.","Пушкинский МР","Населенный пункт"," г. Пушкино","Улица"," Акуловское шоссе","Дом"," д.38",,
"Московская обл., г. Пушкино, Акуловское ш., д.50","Область","Московская обл.","МР/Г.О.","Пушкинский МР","Населенный пункт"," г. Пушкино","Улица"," Акуловское шоссе","Дом"," д.50",,
"Московская обл., г. Пушкино, 3-ий Акуловский пр-д, д.4","Область","Московская обл.","МР/Г.О.","Пушкинский МР","Населенный пункт"," г. Пушкино","Улица"," 3-ий Акуловский пр-д","Дом"," д.4",,
"Московская обл., г. Пушкино, 3-ий Акуловский пр-д, д.5","Область","Московская обл.","МР/Г.О.","Пушкинский МР","Населенный пункт"," г. Пушкино","Улица"," 3-ий Акуловский пр-д","Дом"," д.5",,
"Московская обл., г. Пушкино, 3-ий Акуловский пр-д, д.6","Область","Московская обл.","МР/Г.О.","Пушкинский МР","Населенный пункт"," г. Пушкино","Улица"," 3-ий Акуловский пр-д","Дом"," д.6",,
"Московская обл., г. Пушкино, 3-ий Акуловский пр-д, д.7","Область","Московская обл.","МР/Г.О.","Пушкинский МР","Населенный пункт"," г. Пушкино","Улица"," 3-ий Акуловский пр-д","Дом"," д.7",,
"Московская обл., г. Пушкино, 3-ий Акуловский пр-д, д.9","Область","Московская обл.","МР/Г.О.","Пушкинский МР","Населенный пункт"," г. Пушкино","Улица"," 3-ий Акуловский пр-д","Дом"," д.9",,
"Московская обл., г. Пушкино, 3-ий Акуловский пр-д, д.10","Область","Московская обл.","МР/Г.О.","Пушкинский МР","Населенный пункт"," г. Пушкино","Улица"," 3-ий Акуловский пр-д","Дом"," д.10",,
"Московская обл., г. Пушкино, 3-ий Акуловский пр-д, д.10а","Область","Московская обл.","МР/Г.О.","Пушкинский МР","Населенный пункт"," г. Пушкино","Улица"," 3-ий Акуловский пр-д","Дом"," д.10а",,
"Московская обл., г. Пушкино, 3-ий Акуловский пр-д, д.12","Область","Московская обл.","МР/Г.О.","Пушкинский МР","Населенный пункт"," г. Пушкино","Улица"," 3-ий Акуловский пр-д","Дом"," д.12",,
"Московская обл., г. Пушкино, 3-ий Акуловский пр-д, д.14","Область","Московская обл.","МР/Г.О.","Пушкинский МР","Населенный пункт"," г. Пушкино","Улица"," 3-ий Акуловский пр-д","Дом"," д.14",,
"Московская обл., г. Пушкино, 3-ий Акуловский пр-д, д.16","Область","Московская обл.","МР/Г.О.","Пушкинский МР","Населенный пункт"," г. Пушкино","Улица"," 3-ий Акуловский пр-д","Дом"," д.16",,
"Московская обл., г. Пушкино, 4-ый Акуловский пр-д, д.9/1","Область","Московская обл.","МР/Г.О.","Пушкинский МР","Населенный пункт"," г. Пушкино","Улица"," 4-ый Акуловский пр-д","Дом"," д.9/1",,
"Московская обл., г. Пушкино, 4-ый Акуловский пр-д, д.9/2","Область","Московская обл.","МР/Г.О.","Пушкинский МР","Населенный пункт"," г. Пушкино","Улица"," 4-ый Акуловский пр-д","Дом"," д.9/2",,
"Московская обл., г. Пушкино, 4-ый Акуловский пр-д, д.9/3","Область","Московская обл.","МР/Г.О.","Пушкинский МР","Населенный пункт"," г. Пушкино","Улица"," 4-ый Акуловский пр-д","Дом"," д.9/3",,
"Московская обл., г. Пушкино, 4-ый Акуловский пр-д, д.9/4","Область","Московская обл.","МР/Г.О.","Пушкинский МР","Населенный пункт"," г. Пушкино","Улица"," 4-ый Акуловский пр-д","Дом"," д.9/4",,
"Московская обл., г. Пушкино, 4-ый Акуловский пр-д, д.3","Область","Московская обл.","МР/Г.О.","Пушкинский МР","Населенный пункт"," г. Пушкино","Улица"," 4-ый Акуловский пр-д","Дом"," д.3",,
"Московская обл., г. Пушкино, 1-ый Салтыковский пр-д, д.5","Область","Московская обл.","МР/Г.О.","Пушкинский МР","Населенный пункт"," г. Пушкино","Улица"," 1-ый Салтыковский пр-д","Дом"," д.5",,
"Московская обл., г. Пушкино, ул. Боголюбовская, д.3а","Область","Московская обл.","МР/Г.О.","Пушкинский МР","Населенный пункт"," г. Пушкино","Улица","    Боголюбовская","Дом"," д.3а",,
"Московская обл., г. Пушкино, ул. Боголюбовская, д.15","Область","Московская обл.","МР/Г.О.","Пушкинский МР","Населенный пункт"," г. Пушкино","Улица","    Боголюбовская","Дом"," д.15",,
"Московская обл., г. Пушкино, ул. Боголюбовская, д.21а","Область","Московская обл.","МР/Г.О.","Пушкинский МР","Населенный пункт"," г. Пушкино","Улица","    Боголюбовская","Дом"," д.21а",,
"Московская обл., г. Пушкино, ул. Добролюбова, д.4","Область","Московская обл.","МР/Г.О.","Пушкинский МР","Населенный пункт"," г. Пушкино","Улица","    Добролюбова","Дом"," д.4",,
"Московская обл., г. Пушкино, ул. Добролюбова, д.7","Область","Московская обл.","МР/Г.О.","Пушкинский МР","Населенный пункт"," г. Пушкино","Улица","    Добролюбова","Дом"," д.7",,
"Московская обл., г. Пушкино, ул. Добролюбова, д.11","Область","Московская обл.","МР/Г.О.","Пушкинский МР","Населенный пункт"," г. Пушкино","Улица","    Добролюбова","Дом"," д.11",,
"Московская обл., г. Пушкино, ул. Добролюбова, д.16","Область","Московская обл.","МР/Г.О.","Пушкинский МР","Населенный пункт"," г. Пушкино","Улица","    Добролюбова","Дом"," д.16",,
"Московская обл., г. Пушкино, ул. Добролюбова, д.30","Область","Московская обл.","МР/Г.О.","Пушкинский МР","Населенный пункт"," г. Пушкино","Улица","    Добролюбова","Дом"," д.30",,
"Московская обл., г. Пушкино, ул. Добролюбова, д.32","Область","Московская обл.","МР/Г.О.","Пушкинский МР","Населенный пункт"," г. Пушкино","Улица","    Добролюбова","Дом"," д.32",,
"Московская обл., г. Пушкино, ул. Добролюбова, д.56","Область","Московская обл.","МР/Г.О.","Пушкинский МР","Населенный пункт"," г. Пушкино","Улица","    Добролюбова","Дом"," д.56",,
"Московская обл., г. Пушкино, ул. Добролюбова, д.58","Область","Московская обл.","МР/Г.О.","Пушкинский МР","Населенный пункт"," г. Пушкино","Улица","    Добролюбова","Дом"," д.58",,
"Московская обл., г. Пушкино, 1-ый Добролюбовский пр-д, д.17","Область","Московская обл.","МР/Г.О.","Пушкинский МР","Населенный пункт"," г. Пушкино","Улица"," 1-ый Добролюбовский пр-д","Дом"," д.17",,
"Московская обл., г. Пушкино, 1-ый Добролюбовский пр-д, д.26","Область","Московская обл.","МР/Г.О.","Пушкинский МР","Населенный пункт"," г. Пушкино","Улица"," 1-ый Добролюбовский пр-д","Дом"," д.26",,
"Московская обл., г. Пушкино, ул. 2-ая Домбровская, д.3","Область","Московская обл.","МР/Г.О.","Пушкинский МР","Населенный пункт"," г. Пушкино","Улица","    2-ая Домбровская","Дом"," д.3",,
"Московская обл., г. Пушкино, ул. 2-ая Домбровская, д.10","Область","Московская обл.","МР/Г.О.","Пушкинский МР","Населенный пункт"," г. Пушкино","Улица","    2-ая Домбровская","Дом"," д.10",,
"Московская обл., г. Пушкино, ул. 2-ая Домбровская, д.13","Область","Московская обл.","МР/Г.О.","Пушкинский МР","Населенный пункт"," г. Пушкино","Улица","    2-ая Домбровская","Дом"," д.13",,
"Московская обл., г. Пушкино, ул. 3-я Домбровская, д.12","Область","Московская обл.","МР/Г.О.","Пушкинский МР","Населенный пункт"," г. Пушкино","Улица","    3-я Домбровская","Дом"," д.12",,
"Московская обл., г. Пушкино, ул. 3-я Домбровская, д.27","Область","Московская обл.","МР/Г.О.","Пушкинский МР","Населенный пункт"," г. Пушкино","Улица","    3-я Домбровская","Дом"," д.27",,
"Московская обл., г. Пушкино, ул. Железнодорожная, д.2а","Область","Московская обл.","МР/Г.О.","Пушкинский МР","Населенный пункт"," г. Пушкино","Улица","    Железнодорожная","Дом"," д.2а",,
"Московская обл., г. Пушкино, ул. Заводская, д.2","Область","Московская обл.","МР/Г.О.","Пушкинский МР","Населенный пункт"," г. Пушкино","Улица","    Заводская","Дом"," д.2",,
"Московская обл., г. Пушкино, ул. Заводская, д.4/25","Область","Московская обл.","МР/Г.О.","Пушкинский МР","Населенный пункт"," г. Пушкино","Улица","    Заводская","Дом"," д.4/25",,
"Московская обл., г. Пушкино, ул. Заводская, д.8","Область","Московская обл.","МР/Г.О.","Пушкинский МР","Населенный пункт"," г. Пушкино","Улица","    Заводская","Дом"," д.8",,
"Московская обл., г. Пушкино, ул. Заводская, д.10","Область","Московская обл.","МР/Г.О.","Пушкинский МР","Населенный пункт"," г. Пушкино","Улица","    Заводская","Дом"," д.10",,
"Московская обл., г. Пушкино, ул. Заводская, д.12","Область","Московская обл.","МР/Г.О.","Пушкинский МР","Населенный пункт"," г. Пушкино","Улица","    Заводская","Дом"," д.12",,
"Московская обл., г. Пушкино, ул. Лесная, д.1","Область","Московская обл.","МР/Г.О.","Пушкинский МР","Населенный пункт"," г. Пушкино","Улица","    Лесная","Дом"," д.1",,
"Московская обл., г. Пушкино, ул. Лесная, д.3","Область","Московская обл.","МР/Г.О.","Пушкинский МР","Населенный пункт"," г. Пушкино","Улица","    Лесная","Дом"," д.3",,
"Московская обл., г. Пушкино, ул. Лесная, д.4","Область","Московская обл.","МР/Г.О.","Пушкинский МР","Населенный пункт"," г. Пушкино","Улица","    Лесная","Дом"," д.4",,
"Московская обл., г. Пушкино, ул. Лесная, д.10","Область","Московская обл.","МР/Г.О.","Пушкинский МР","Населенный пункт"," г. Пушкино","Улица","    Лесная","Дом"," д.10",,
"Московская обл., г. Пушкино, ул. Лесная, д.13а","Область","Московская обл.","МР/Г.О.","Пушкинский МР","Населенный пункт"," г. Пушкино","Улица","    Лесная","Дом"," д.13а",,
"Московская обл., г. Пушкино, ул. Лесная, д.45","Область","Московская обл.","МР/Г.О.","Пушкинский МР","Населенный пункт"," г. Пушкино","Улица","    Лесная","Дом"," д.45",,
"Московская обл., г. Пушкино, ул. Л.Толстого, д.1","Область","Московская обл.","МР/Г.О.","Пушкинский МР","Населенный пункт"," г. Пушкино","Улица","    Л.Толстого","Дом"," д.1",,
"Московская обл., г. Пушкино, ул. Л.Толстого, д.1а","Область","Московская обл.","МР/Г.О.","Пушкинский МР","Населенный пункт"," г. Пушкино","Улица","    Л.Толстого","Дом"," д.1а",,
"Московская обл., г. Пушкино, ул. Л.Толстого, д.2","Область","Московская обл.","МР/Г.О.","Пушкинский МР","Населенный пункт"," г. Пушкино","Улица","    Л.Толстого","Дом"," д.2",,
"Московская обл., г. Пушкино, ул. Л.Толстого, д.2а","Область","Московская обл.","МР/Г.О.","Пушкинский МР","Населенный пункт"," г. Пушкино","Улица","    Л.Толстого","Дом"," д.2а",,
"Московская обл., г. Пушкино, ул. Л.Толстого, д.7","Область","Московская обл.","МР/Г.О.","Пушкинский МР","Населенный пункт"," г. Пушкино","Улица","    Л.Толстого","Дом"," д.7",,
"Московская обл., г. Пушкино, ул. Л.Толстого, д.19","Область","Московская обл.","МР/Г.О.","Пушкинский МР","Населенный пункт"," г. Пушкино","Улица","    Л.Толстого","Дом"," д.19",,
"Московская обл., г. Пушкино, ул. Л.Толстого, д.20а","Область","Московская обл.","МР/Г.О.","Пушкинский МР","Населенный пункт"," г. Пушкино","Улица","    Л.Толстого","Дом"," д.20а",,
"Московская обл., г. Пушкино, ул. Л.Толстого, д.23","Область","Московская обл.","МР/Г.О.","Пушкинский МР","Населенный пункт"," г. Пушкино","Улица","    Л.Толстого","Дом"," д.23",,
"Московская обл., г. Пушкино, ул. Маяковского, д.5","Область","Московская обл.","МР/Г.О.","Пушкинский МР","Населенный пункт"," г. Пушкино","Улица","    Маяковского","Дом"," д.5",,
"Московская обл., г. Пушкино, ул. Маяковского, д.5а","Область","Московская обл.","МР/Г.О.","Пушкинский МР","Населенный пункт"," г. Пушкино","Улица","    Маяковского","Дом"," д.5а",,
"Московская обл., г. Пушкино, ул. Маяковского, д.7","Область","Московская обл.","МР/Г.О.","Пушкинский МР","Населенный пункт"," г. Пушкино","Улица","    Маяковского","Дом"," д.7",,
"Московская обл., г. Пушкино, ул. Маяковского, д.9","Область","Московская обл.","МР/Г.О.","Пушкинский МР","Населенный пункт"," г. Пушкино","Улица","    Маяковского","Дом"," д.9",,
"Московская обл., г. Пушкино, ул. Маяковского, д.13/1","Область","Московская обл.","МР/Г.О.","Пушкинский МР","Населенный пункт"," г. Пушкино","Улица","    Маяковского","Дом"," д.13/1",,
"Московская обл., г. Пушкино, ул. Маяковского, д.13/5","Область","Московская обл.","МР/Г.О.","Пушкинский МР","Населенный пункт"," г. Пушкино","Улица","    Маяковского","Дом"," д.13/5",,
"Московская обл., г. Пушкино, ул. Маяковского, д.15 к.1","Область","Московская обл.","МР/Г.О.","Пушкинский МР","Населенный пункт"," г. Пушкино","Улица","    Маяковского","Дом"," д.15 к.1",,
"Московская обл., г. Пушкино, ул. Маяковского, д.15 к.2","Область","Московская обл.","МР/Г.О.","Пушкинский МР","Населенный пункт"," г. Пушкино","Улица","    Маяковского","Дом"," д.15 к.2",,
"Московская обл., г. Пушкино, ул. Маяковского, д.19","Область","Московская обл.","МР/Г.О.","Пушкинский МР","Населенный пункт"," г. Пушкино","Улица","    Маяковского","Дом"," д.19",,
"Московская обл., г. Пушкино, ул. Островского, д.6","Область","Московская обл.","МР/Г.О.","Пушкинский МР","Населенный пункт"," г. Пушкино","Улица","    Островского","Дом"," д.6",,
"Московская обл., г. Пушкино, ул. Островского, д.8","Область","Московская обл.","МР/Г.О.","Пушкинский МР","Населенный пункт"," г. Пушкино","Улица","    Островского","Дом"," д.8",,
"Московская обл., г. Пушкино, ул. Первомайская, д.7а","Область","Московская обл.","МР/Г.О.","Пушкинский МР","Населенный пункт"," г. Пушкино","Улица","    Первомайская","Дом"," д.7а",,
"Московская обл., г. Пушкино, ул. Первомайская, 11/8","Область","Московская обл.","МР/Г.О.","Пушкинский МР","Населенный пункт"," г. Пушкино","Улица","    Первомайская","Дом"," 11/8",,
"Московская обл., г. Пушкино, ул. Первомайская, д.12","Область","Московская обл.","МР/Г.О.","Пушкинский МР","Населенный пункт"," г. Пушкино","Улица","    Первомайская","Дом"," д.12",,
"Московская обл., г. Пушкино, ул. Первомайская, д.13","Область","Московская обл.","МР/Г.О.","Пушкинский МР","Населенный пункт"," г. Пушкино","Улица","    Первомайская","Дом"," д.13",,
"Московская обл., г. Пушкино, ул. Речная, д.1","Область","Московская обл.","МР/Г.О.","Пушкинский МР","Населенный пункт"," г. Пушкино","Улица","    Речная","Дом"," д.1",,
"Московская обл., г. Пушкино, ул. Речная, д.3","Область","Московская обл.","МР/Г.О.","Пушкинский МР","Населенный пункт"," г. Пушкино","Улица","    Речная","Дом"," д.3",,
"Московская обл., г. Пушкино, ул. Речная, д.5","Область","Московская обл.","МР/Г.О.","Пушкинский МР","Населенный пункт"," г. Пушкино","Улица","    Речная","Дом"," д.5",,
"Московская обл., г. Пушкино, ул. Речная, д.7","Область","Московская обл.","МР/Г.О.","Пушкинский МР","Населенный пункт"," г. Пушкино","Улица","    Речная","Дом"," д.7",,
"Московская обл., Пушкинский р-н, п. Черкизово, ул. Береговая, д.15","Область","Московская обл.","МР/Г.О.","Пушкинский МР","Населенный пункт"," п. Черкизово","Улица","    Береговая","Дом"," д.15",,
"Московская обл., г. Пушкино, ул. Вокзальная, д.4","Область","Московская обл.","МР/Г.О.","Пушкинский МР","Населенный пункт"," г. Пушкино","Улица","    Вокзальная","Дом"," д.4",,
"Московская обл., г. Пушкино, ул. Вокзальная, д.8","Область","Московская обл.","МР/Г.О.","Пушкинский МР","Населенный пункт"," г. Пушкино","Улица","    Вокзальная","Дом"," д.8",,
"Московская обл., г. Пушкино, ул. Вокзальная, д.10","Область","Московская обл.","МР/Г.О.","Пушкинский МР","Населенный пункт"," г. Пушкино","Улица","    Вокзальная","Дом"," д.10",,
"Московская обл., г. Пушкино, ул. Гоголя, д.3","Область","Московская обл.","МР/Г.О.","Пушкинский МР","Населенный пункт"," г. Пушкино","Улица","    Гоголя","Дом"," д.3",,
"Московская обл., г. Пушкино, ул. Гоголя, д.5","Область","Московская обл.","МР/Г.О.","Пушкинский МР","Населенный пункт"," г. Пушкино","Улица","    Гоголя","Дом"," д.5",,
"Московская обл., г. Пушкино, ул. Гоголя, д.7","Область","Московская обл.","МР/Г.О.","Пушкинский МР","Населенный пункт"," г. Пушкино","Улица","    Гоголя","Дом"," д.7",,
"Московская обл., г. Пушкино, ул. Гоголя, д.9","Область","Московская обл.","МР/Г.О.","Пушкинский МР","Населенный пункт"," г. Пушкино","Улица","    Гоголя","Дом"," д.9",,
"Московская обл., г. Пушкино, ул. Горького, д.1","Область","Московская обл.","МР/Г.О.","Пушкинский МР","Населенный пункт"," г. Пушкино","Улица","    Горького","Дом"," д.1",,
"Московская обл., г. Пушкино, ул. Горького, д.2","Область","Московская обл.","МР/Г.О.","Пушкинский МР","Населенный пункт"," г. Пушкино","Улица","    Горького","Дом"," д.2",,
"Московская обл., г. Пушкино, ул. Горького, д.2а","Область","Московская обл.","МР/Г.О.","Пушкинский МР","Населенный пункт"," г. Пушкино","Улица","    Горького","Дом"," д.2а",,
"Московская обл., г. Пушкино, ул. Горького, д.3","Область","Московская обл.","МР/Г.О.","Пушкинский МР","Населенный пункт"," г. Пушкино","Улица","    Горького","Дом"," д.3",,
"Московская обл., г. Пушкино, ул. Горького, д.4","Область","Московская обл.","МР/Г.О.","Пушкинский МР","Населенный пункт"," г. Пушкино","Улица","    Горького","Дом"," д.4",,
"Московская обл., г. Пушкино, ул. Горького, д.4а","Область","Московская обл.","МР/Г.О.","Пушкинский МР","Населенный пункт"," г. Пушкино","Улица","    Горького","Дом"," д.4а",,
"Московская обл., г. Пушкино, ул. Горького, д.6","Область","Московская обл.","МР/Г.О.","Пушкинский МР","Населенный пункт"," г. Пушкино","Улица","    Горького","Дом"," д.6",,
"Московская обл., г. Пушкино, ул. Горького, д.9","Область","Московская обл.","МР/Г.О.","Пушкинский МР","Населенный пункт"," г. Пушкино","Улица","    Горького","Дом"," д.9",,
"Московская обл., г. Пушкино, ул. Горького, д.11","Область","Московская обл.","МР/Г.О.","Пушкинский МР","Населенный пункт"," г. Пушкино","Улица","    Горького","Дом"," д.11",,
"Московская обл., г. Пушкино, ул. Горького, д.13","Область","Московская обл.","МР/Г.О.","Пушкинский МР","Населенный пункт"," г. Пушкино","Улица","    Горького","Дом"," д.13",,
"Московская обл., г. Пушкино, ул. Горького, д.15/18","Область","Московская обл.","МР/Г.О.","Пушкинский МР","Населенный пункт"," г. Пушкино","Улица","    Горького","Дом"," д.15/18",,
"Московская обл., г. Пушкино, ул. Грибоедова, д.26","Область","Московская обл.","МР/Г.О.","Пушкинский МР","Населенный пункт"," г. Пушкино","Улица","    Грибоедова","Дом"," д.26",,
"Московская обл., г. Пушкино, ул. Крылова, д.4","Область","Московская обл.","МР/Г.О.","Пушкинский МР","Населенный пункт"," г. Пушкино","Улица","    Крылова","Дом"," д.4",,
"Московская обл., г. Пушкино, ул. Крылова, д.6","Область","Московская обл.","МР/Г.О.","Пушкинский МР","Населенный пункт"," г. Пушкино","Улица","    Крылова","Дом"," д.6",,
"Московская обл., г. Пушкино, ул. Крылова, д.6а","Область","Московская обл.","МР/Г.О.","Пушкинский МР","Населенный пункт"," г. Пушкино","Улица","    Крылова","Дом"," д.6а",,
"Московская обл., г. Пушкино, ул. Крылова, д.8/5","Область","Московская обл.","МР/Г.О.","Пушкинский МР","Населенный пункт"," г. Пушкино","Улица","    Крылова","Дом"," д.8/5",,
"Московкая обл., г. Пушкино, ул. Лермонтова, д.35","Область","Московкая обл.","МР/Г.О.","Пушкинский МР","Населенный пункт"," г. Пушкино","Улица","    Лермонтова","Дом"," д.35",,
"Московская обл., г. Пушкино, Московский проспект, д.1","Область","Московская обл.","МР/Г.О.","Пушкинский МР","Населенный пункт"," г. Пушкино","Улица"," Московский проспект","Дом"," д.1",,
"Московская обл., г. Пушкино, Московский проспект, д.2","Область","Московская обл.","МР/Г.О.","Пушкинский МР","Населенный пункт"," г. Пушкино","Улица"," Московский проспект","Дом"," д.2",,
"Московская обл., г. Пушкино, Московский проспект, д.3","Область","Московская обл.","МР/Г.О.","Пушкинский МР","Населенный пункт"," г. Пушкино","Улица"," Московский проспект","Дом"," д.3",,
"Московская обл., г. Пушкино, Московский проспект, д.4","Область","Московская обл.","МР/Г.О.","Пушкинский МР","Населенный пункт"," г. Пушкино","Улица"," Московский проспект","Дом"," д.4",,
"Московская обл., г. Пушкино, Московский проспект, д.5","Область","Московская обл.","МР/Г.О.","Пушкинский МР","Населенный пункт"," г. Пушкино","Улица"," Московский проспект","Дом"," д.5",,
"Московская обл., г. Пушкино, Московский проспект, д.6","Область","Московская обл.","МР/Г.О.","Пушкинский МР","Населенный пункт"," г. Пушкино","Улица"," Московский проспект","Дом"," д.6",,
"Московская обл., г. Пушкино, Московский проспект, д.8/2","Область","Московская обл.","МР/Г.О.","Пушкинский МР","Населенный пункт"," г. Пушкино","Улица"," Московский проспект","Дом"," д.8/2",,
"Московская обл., г. Пушкино, Московский проспект, д.9/2","Область","Московская обл.","МР/Г.О.","Пушкинский МР","Населенный пункт"," г. Пушкино","Улица"," Московский проспект","Дом"," д.9/2",,
"Московская обл., г. Пушкино, Московский проспект, д.10/1","Область","Московская обл.","МР/Г.О.","Пушкинский МР","Населенный пункт"," г. Пушкино","Улица"," Московский проспект","Дом"," д.10/1",,
"Московская обл., г. Пушкино, Московский проспект, д.11а","Область","Московская обл.","МР/Г.О.","Пушкинский МР","Населенный пункт"," г. Пушкино","Улица"," Московский проспект","Дом"," д.11а",,
"Московская обл., г. Пушкино, Московский проспект, д.13","Область","Московская обл.","МР/Г.О.","Пушкинский МР","Населенный пункт"," г. Пушкино","Улица"," Московский проспект","Дом"," д.13",,
"Московская обл., г. Пушкино, Московский проспект, д.14","Область","Московская обл.","МР/Г.О.","Пушкинский МР","Населенный пункт"," г. Пушкино","Улица"," Московский проспект","Дом"," д.14",,
"Московская обл., г. Пушкино, Московский проспект, д.15","Область","Московская обл.","МР/Г.О.","Пушкинский МР","Населенный пункт"," г. Пушкино","Улица"," Московский проспект","Дом"," д.15",,
"Московская обл., г. Пушкино, Московский проспект, д.16","Область","Московская обл.","МР/Г.О.","Пушкинский МР","Населенный пункт"," г. Пушкино","Улица"," Московский проспект","Дом"," д.16",,
"Московская обл., г. Пушкино, Московский проспект, д.18","Область","Московская обл.","МР/Г.О.","Пушкинский МР","Населенный пункт"," г. Пушкино","Улица"," Московский проспект","Дом"," д.18",,
"Московская обл., г. Пушкино, Московский проспект, д.20","Область","Московская обл.","МР/Г.О.","Пушкинский МР","Населенный пункт"," г. Пушкино","Улица"," Московский проспект","Дом"," д.20",,
"Московская обл., г. Пушкино, Московский проспект, д.20а","Область","Московская обл.","МР/Г.О.","Пушкинский МР","Населенный пункт"," г. Пушкино","Улица"," Московский проспект","Дом"," д.20а",,
"Московская обл., г. Пушкино, Московский проспект, д.22","Область","Московская обл.","МР/Г.О.","Пушкинский МР","Населенный пункт"," г. Пушкино","Улица"," Московский проспект","Дом"," д.22",,
"Московская обл., г. Пушкино, Московский проспект, д.24","Область","Московская обл.","МР/Г.О.","Пушкинский МР","Населенный пункт"," г. Пушкино","Улица"," Московский проспект","Дом"," д.24",,
"Московская обл., г. Пушкино, ул. Некрасова, д.2","Область","Московская обл.","МР/Г.О.","Пушкинский МР","Населенный пункт"," г. Пушкино","Улица","    Некрасова","Дом"," д.2",,
"Московская обл., г. Пушкино, ул. Некрасова, д.8","Область","Московская обл.","МР/Г.О.","Пушкинский МР","Населенный пункт"," г. Пушкино","Улица","    Некрасова","Дом"," д.8",,
"Московская обл., г. Пушкино, ул. Некрасова, д.12","Область","Московская обл.","МР/Г.О.","Пушкинский МР","Населенный пункт"," г. Пушкино","Улица","    Некрасова","Дом"," д.12",,
"Московская обл., г. Пушкино, ул. Некрасова, д.16","Область","Московская обл.","МР/Г.О.","Пушкинский МР","Населенный пункт"," г. Пушкино","Улица","    Некрасова","Дом"," д.16",,
"Московская обл., г. Пушкино, ул. Некрасова, д.16а","Область","Московская обл.","МР/Г.О.","Пушкинский МР","Населенный пункт"," г. Пушкино","Улица","    Некрасова","Дом"," д.16а",,
"Московская обл., г. Пушкино, ул. Некрасова, д.18","Область","Московская обл.","МР/Г.О.","Пушкинский МР","Населенный пункт"," г. Пушкино","Улица","    Некрасова","Дом"," д.18",,
"Московская обл., г. Пушкино, ул. Некрасова, д.28/6","Область","Московская обл.","МР/Г.О.","Пушкинский МР","Населенный пункт"," г. Пушкино","Улица","    Некрасова","Дом"," д.28/6",,
"Московская обл., г. Пушкино, ул. Оранжерейная, д.7","Область","Московская обл.","МР/Г.О.","Пушкинский МР","Населенный пункт"," г. Пушкино","Улица","    Оранжерейная","Дом"," д.7",,
"Московская обл., г. Пушкино, ул. Оранжерейная, д.11","Область","Московская обл.","МР/Г.О.","Пушкинский МР","Населенный пункт"," г. Пушкино","Улица","    Оранжерейная","Дом"," д.11",,
"Московская обл., г. Пушкино, ул. Оранжерейная, д.13","Область","Московская обл.","МР/Г.О.","Пушкинский МР","Населенный пункт"," г. Пушкино","Улица","    Оранжерейная","Дом"," д.13",,
"Московская обл., г. Пушкино, ул. Оранжерейная, д.23","Область","Московская обл.","МР/Г.О.","Пушкинский МР","Населенный пункт"," г. Пушкино","Улица","    Оранжерейная","Дом"," д.23",,
"Московская обл., г. Пушкино, ул. Оранжерейная, д.38","Область","Московская обл.","МР/Г.О.","Пушкинский МР","Населенный пункт"," г. Пушкино","Улица","    Оранжерейная","Дом"," д.38",,
"Московская обл., г. Пушкино, ул. Писаревская, д.3","Область","Московская обл.","МР/Г.О.","Пушкинский МР","Населенный пункт"," г. Пушкино","Улица","    Писаревская","Дом"," д.3",,
"Московская обл., г. Пушкино, ул. Писаревская, д.6","Область","Московская обл.","МР/Г.О.","Пушкинский МР","Населенный пункт"," г. Пушкино","Улица","    Писаревская","Дом"," д.6",,
"Московская обл., г. Пушкино, ул. Писаревская, д.13","Область","Московская обл.","МР/Г.О.","Пушкинский МР","Населенный пункт"," г. Пушкино","Улица","    Писаревская","Дом"," д.13",,
"Московская обл., г. Пушкино, ул. Писаревская, д.13а","Область","Московская обл.","МР/Г.О.","Пушкинский МР","Населенный пункт"," г. Пушкино","Улица","    Писаревская","Дом"," д.13а",,
"Московская обл., г. Пушкино, ул. Писаревская, д.15","Область","Московская обл.","МР/Г.О.","Пушкинский МР","Населенный пункт"," г. Пушкино","Улица","    Писаревская","Дом"," д.15",,
"Московская обл., г. Пушкино, ул. Писаревская, д.16","Область","Московская обл.","МР/Г.О.","Пушкинский МР","Населенный пункт"," г. Пушкино","Улица","    Писаревская","Дом"," д.16",,
"Московская обл., г. Пушкино, ул. Писаревская, д.17","Область","Московская обл.","МР/Г.О.","Пушкинский МР","Населенный пункт"," г. Пушкино","Улица","    Писаревская","Дом"," д.17",,
"Московская обл., г. Пушкино, ул. Писаревская, д.20","Область","Московская обл.","МР/Г.О.","Пушкинский МР","Населенный пункт"," г. Пушкино","Улица","    Писаревская","Дом"," д.20",,
"Московская обл., г. Пушкино, Писаревский пр-д, д.3","Область","Московская обл.","МР/Г.О.","Пушкинский МР","Населенный пункт"," г. Пушкино","Улица"," Писаревский пр-д","Дом"," д.3",,
"Московская обл., г. Пушкино, Писаревский пр-д, д.7","Область","Московская обл.","МР/Г.О.","Пушкинский МР","Населенный пункт"," г. Пушкино","Улица"," Писаревский пр-д","Дом"," д.7",,
"Московская обл., г. Пушкино, Советская пл., д.4/12","Область","Московская обл.","МР/Г.О.","Пушкинский МР","Населенный пункт"," г. Пушкино","Улица"," Советская пл.","Дом"," д.4/12",,
"Московская обл., г. Пушкино, ул. Тургенева, д.2","Область","Московская обл.","МР/Г.О.","Пушкинский МР","Населенный пункт"," г. Пушкино","Улица","    Тургенева","Дом"," д.2",,
"Московская обл., г. Пушкино, ул. Тургенева, д.4","Область","Московская обл.","МР/Г.О.","Пушкинский МР","Населенный пункт"," г. Пушкино","Улица","    Тургенева","Дом"," д.4",,
"Московская обл., г. Пушкино, ул. Тургенева, д.6","Область","Московская обл.","МР/Г.О.","Пушкинский МР","Населенный пункт"," г. Пушкино","Улица","    Тургенева","Дом"," д.6",,
"Московская обл., г. Пушкино, ул. Тургенева, д.9","Область","Московская обл.","МР/Г.О.","Пушкинский МР","Населенный пункт"," г. Пушкино","Улица","    Тургенева","Дом"," д.9",,
"Московская обл., г. Пушкино, ул. Тургенева, д.14","Область","Московская обл.","МР/Г.О.","Пушкинский МР","Населенный пункт"," г. Пушкино","Улица","    Тургенева","Дом"," д.14",,
"Московская обл., г. Пушкино, ул. Тургенева, д.18","Область","Московская обл.","МР/Г.О.","Пушкинский МР","Населенный пункт"," г. Пушкино","Улица","    Тургенева","Дом"," д.18",,
"Московская обл., г. Пушкино, ул. Тургенева, д.20","Область","Московская обл.","МР/Г.О.","Пушкинский МР","Населенный пункт"," г. Пушкино","Улица","    Тургенева","Дом"," д.20",,
"Московская обл., г. Пушкино, ул. Тургенева, д.22","Область","Московская обл.","МР/Г.О.","Пушкинский МР","Населенный пункт"," г. Пушкино","Улица","    Тургенева","Дом"," д.22",,
"Московская обл., г. Пушкино, ул. Чехова, д.14","Область","Московская обл.","МР/Г.О.","Пушкинский МР","Населенный пункт"," г. Пушкино","Улица","    Чехова","Дом"," д.14",,
"Московская обл., г. Пушкино, ул. Чехова, д.16","Область","Московская обл.","МР/Г.О.","Пушкинский МР","Населенный пункт"," г. Пушкино","Улица","    Чехова","Дом"," д.16",,
"Московская обл., г. Пушкино, ул. Чехова, д.16а","Область","Московская обл.","МР/Г.О.","Пушкинский МР","Населенный пункт"," г. Пушкино","Улица","    Чехова","Дом"," д.16а",,
"Московская обл., г. Пушкино, ул. Чехова, д.34","Область","Московская обл.","МР/Г.О.","Пушкинский МР","Населенный пункт"," г. Пушкино","Улица","    Чехова","Дом"," д.34",,
"Московская обл., г. Пушкино, ул. Чехова, д.36","Область","Московская обл.","МР/Г.О.","Пушкинский МР","Населенный пункт"," г. Пушкино","Улица","    Чехова","Дом"," д.36",,
"Московская обл., г. Пушкино, ул. 50 лет Комсомола, д.4","Область","Московская обл.","МР/Г.О.","Пушкинский МР","Населенный пункт"," г. Пушкино","Улица","    50 лет Комсомола","Дом"," д.4",,
"Московская обл., г. Пушкино, ул. 50 лет Комсомола, д.5","Область","Московская обл.","МР/Г.О.","Пушкинский МР","Населенный пункт"," г. Пушкино","Улица","    50 лет Комсомола","Дом"," д.5",,
"Московская обл., г. Пушкино, 2-й Некрасовский пр-д, д.3","Область","Московская обл.","МР/Г.О.","Пушкинский МР","Населенный пункт"," г. Пушкино","Улица"," 2-й Некрасовский пр-д","Дом"," д.3",,
"Московская обл., г. Пушкино, 2-й Некрасовский пр-д, д.5","Область","Московская обл.","МР/Г.О.","Пушкинский МР","Населенный пункт"," г. Пушкино","Улица"," 2-й Некрасовский пр-д","Дом"," д.5",,
"Московская обл., г. Пушкино, 2-й Некрасовский пр-д, д.5а","Область","Московская обл.","МР/Г.О.","Пушкинский МР","Населенный пункт"," г. Пушкино","Улица"," 2-й Некрасовский пр-д","Дом"," д.5а",,
"Московская обл., г. Пушкино, 2-й Некрасовский пр-д, д.17","Область","Московская обл.","МР/Г.О.","Пушкинский МР","Населенный пункт"," г. Пушкино","Улица"," 2-й Некрасовский пр-д","Дом"," д.17",,
"Московская обл., г. Пушкино, 3-й Некрасовский пр-д, д.2","Область","Московская обл.","МР/Г.О.","Пушкинский МР","Населенный пункт"," г. Пушкино","Улица"," 3-й Некрасовский пр-д","Дом"," д.2",,
"Московская обл., г. Пушкино, ул. 1-я Серебрянская, д.8","Область","Московская обл.","МР/Г.О.","Пушкинский МР","Населенный пункт"," г. Пушкино","Улица","    1-я Серебрянская","Дом"," д.8",,
"Московская обл., г. Пушкино, ул. 1-я Серебрянская, д.12","Область","Московская обл.","МР/Г.О.","Пушкинский МР","Населенный пункт"," г. Пушкино","Улица","    1-я Серебрянская","Дом"," д.12",,
"Московская обл., г. Пушкино, ул. 1-я Серебрянская, д.14","Область","Московская обл.","МР/Г.О.","Пушкинский МР","Населенный пункт"," г. Пушкино","Улица","    1-я Серебрянская","Дом"," д.14",,
"Московская обл., г. Пушкино, ул. 2-я Серебрянская, д.5","Область","Московская обл.","МР/Г.О.","Пушкинский МР","Населенный пункт"," г. Пушкино","Улица","    2-я Серебрянская","Дом"," д.5",,
"Московская обл., г. Пушкино, ул. 2-я Серебрянская, д.9","Область","Московская обл.","МР/Г.О.","Пушкинский МР","Населенный пункт"," г. Пушкино","Улица","    2-я Серебрянская","Дом"," д.9",,
"Московская обл., г. Пушкино, ул. Горького, д.33/22","Область","Московская обл.","МР/Г.О.","Пушкинский МР","Населенный пункт"," г. Пушкино","Улица","    Горького","Дом"," д.33/22",,
"Московская обл., г. Пушкино, Московский пр-т, д.28","Область","Московская обл.","МР/Г.О.","Пушкинский МР","Населенный пункт"," г. Пушкино","Улица"," Московский проспект","Дом"," д.28",,
"Московская обл., г. Пушкино, Московский пр-т, д.29","Область","Московская обл.","МР/Г.О.","Пушкинский МР","Населенный пункт"," г. Пушкино","Улица"," Московский проспект","Дом"," д.29",,
"Московская обл., г. Пушкино, Московский пр-т, д.29а","Область","Московская обл.","МР/Г.О.","Пушкинский МР","Населенный пункт"," г. Пушкино","Улица"," Московский проспект","Дом"," д.29а",,
"Московская обл., г. Пушкино, Московский пр-т, д.30","Область","Московская обл.","МР/Г.О.","Пушкинский МР","Населенный пункт"," г. Пушкино","Улица"," Московский проспект","Дом"," д.30",,
"Московская обл., г. Пушкино, Московский пр-т, д.31","Область","Московская обл.","МР/Г.О.","Пушкинский МР","Населенный пункт"," г. Пушкино","Улица"," Московский проспект","Дом"," д.31",,
"Московская обл., г. Пушкино, Московский пр-т, д.32","Область","Московская обл.","МР/Г.О.","Пушкинский МР","Населенный пункт"," г. Пушкино","Улица"," Московский проспект","Дом"," д.32",,
"Московская обл., г. Пушкино, Московский пр-т, д.33","Область","Московская обл.","МР/Г.О.","Пушкинский МР","Населенный пункт"," г. Пушкино","Улица"," Московский проспект","Дом"," д.33",,
"Московская обл., г. Пушкино, Московский пр-т, д.34","Область","Московская обл.","МР/Г.О.","Пушкинский МР","Населенный пункт"," г. Пушкино","Улица"," Московский проспект","Дом"," д.34",,
"Московская обл., г. Пушкино, Московский пр-т, д.35","Область","Московская обл.","МР/Г.О.","Пушкинский МР","Населенный пункт"," г. Пушкино","Улица"," Московский проспект","Дом"," д.35",,
"Московская обл., г. Пушкино, Московский пр-т, д.36","Область","Московская обл.","МР/Г.О.","Пушкинский МР","Населенный пункт"," г. Пушкино","Улица"," Московский проспект","Дом"," д.36",,
"Московская обл., г. Пушкино, Московский пр-т, д.37","Область","Московская обл.","МР/Г.О.","Пушкинский МР","Населенный пункт"," г. Пушкино","Улица"," Московский проспект","Дом"," д.37",,
"Московская обл., г. Пушкино, Московский пр-т, д.38/14","Область","Московская обл.","МР/Г.О.","Пушкинский МР","Населенный пункт"," г. Пушкино","Улица"," Московский проспект","Дом"," д.38/14",,
"Московская обл., г. Пушкино, Московский пр-т, д.39","Область","Московская обл.","МР/Г.О.","Пушкинский МР","Населенный пункт"," г. Пушкино","Улица"," Московский проспект","Дом"," д.39",,
"Московская обл., г. Пушкино, Московский пр-т, д.41/12","Область","Московская обл.","МР/Г.О.","Пушкинский МР","Населенный пункт"," г. Пушкино","Улица"," Московский проспект","Дом"," д.41/12",,
"Московская обл., г. Пушкино, Московский пр-т, д.43/7","Область","Московская обл.","МР/Г.О.","Пушкинский МР","Населенный пункт"," г. Пушкино","Улица"," Московский проспект","Дом"," д.43/7",,
"Московская обл., г. Пушкино, Московский пр-т, д.45","Область","Московская обл.","МР/Г.О.","Пушкинский МР","Населенный пункт"," г. Пушкино","Улица"," Московский проспект","Дом"," д.45",,
"Московская обл., г. Пушкино, Московский пр-т, д.46","Область","Московская обл.","МР/Г.О.","Пушкинский МР","Населенный пункт"," г. Пушкино","Улица"," Московский проспект","Дом"," д.46",,
"Московская обл., г. Пушкино, Московский пр-т, д.47/1","Область","Московская обл.","МР/Г.О.","Пушкинский МР","Населенный пункт"," г. Пушкино","Улица"," Московский проспект","Дом"," д.47/1",,
"Московская обл., г. Пушкино, Московский пр-т, д.49/2","Область","Московская обл.","МР/Г.О.","Пушкинский МР","Населенный пункт"," г. Пушкино","Улица"," Московский проспект","Дом"," д.49/2",,
"Московская обл., г. Пушкино, Московский пр-т, д.50","Область","Московская обл.","МР/Г.О.","Пушкинский МР","Населенный пункт"," г. Пушкино","Улица"," Московский проспект","Дом"," д.50",,
"Московская обл., г. Пушкино, Московский пр-т, д.53","Область","Московская обл.","МР/Г.О.","Пушкинский МР","Населенный пункт"," г. Пушкино","Улица"," Московский проспект","Дом"," д.53",,
"Московская обл., г. Пушкино, Московский пр-т, д.55","Область","Московская обл.","МР/Г.О.","Пушкинский МР","Населенный пункт"," г. Пушкино","Улица"," Московский проспект","Дом"," д.55",,
"Московская обл., г. Пушкино, ул. Надсоновская, д.1","Область","Московская обл.","МР/Г.О.","Пушкинский МР","Населенный пункт"," г. Пушкино","Улица","    Надсоновская","Дом"," д.1",,
"Московская обл., г. Пушкино, ул. Надсоновская, д.3","Область","Московская обл.","МР/Г.О.","Пушкинский МР","Населенный пункт"," г. Пушкино","Улица","    Надсоновская","Дом"," д.3",,
"Московская обл., г. Пушкино, ул. Надсоновская, д.5","Область","Московская обл.","МР/Г.О.","Пушкинский МР","Населенный пункт"," г. Пушкино","Улица","    Надсоновская","Дом"," д.5",,
"Московская обл., г. Пушкино, ул. Надсоновская, д.18","Область","Московская обл.","МР/Г.О.","Пушкинский МР","Населенный пункт"," г. Пушкино","Улица","    Надсоновская","Дом"," д.18",,
"Московская обл., г. Пушкино, ул. Надсоновская, д.20","Область","Московская обл.","МР/Г.О.","Пушкинский МР","Населенный пункт"," г. Пушкино","Улица","    Надсоновская","Дом"," д.20",,
"Московская обл., г. Пушкино, ул. Надсоновская, д.20а","Область","Московская обл.","МР/Г.О.","Пушкинский МР","Населенный пункт"," г. Пушкино","Улица","    Надсоновская","Дом"," д.20а",,
"Московская обл., г. Пушкино, ул. Надсоновская, д.21/35","Область","Московская обл.","МР/Г.О.","Пушкинский МР","Населенный пункт"," г. Пушкино","Улица","    Надсоновская","Дом"," д.21/35",,
"Московская обл., г. Пушкино, ул. Надсоновская, д.24а","Область","Московская обл.","МР/Г.О.","Пушкинский МР","Населенный пункт"," г. Пушкино","Улица","    Надсоновская","Дом"," д.24а",,
"Московская обл., г. Пушкино, ул. Надсоновская, д.26","Область","Московская обл.","МР/Г.О.","Пушкинский МР","Населенный пункт"," г. Пушкино","Улица","    Надсоновская","Дом"," д.26",,
"Московская обл., г. Пушкино, ул. Надсоновская, д.28","Область","Московская обл.","МР/Г.О.","Пушкинский МР","Населенный пункт"," г. Пушкино","Улица","    Надсоновская","Дом"," д.28",,
"Московская обл., г. Пушкино, Надсоновский туп., д.5","Область","Московская обл.","МР/Г.О.","Пушкинский МР","Населенный пункт"," г. Пушкино","Улица"," Надсоновский тупик","Дом"," д.5",,
"Московская обл., г. Пушкино, ул. Озерная, д.7","Область","Московская обл.","МР/Г.О.","Пушкинский МР","Населенный пункт"," г. Пушкино","Улица","    Озерная","Дом"," д.7",,
"Московская обл., г. Пушкино, ул. Озерная, д.9","Область","Московская обл.","МР/Г.О.","Пушкинский МР","Населенный пункт"," г. Пушкино","Улица","    Озерная","Дом"," д.9",,
"Московская обл., г. Пушкино, ул. Озерная, д.15 к.1","Область","Московская обл.","МР/Г.О.","Пушкинский МР","Населенный пункт"," г. Пушкино","Улица","    Озерная","Дом"," д.15 к.1",,
"Московская обл., г. Пушкино, ул. Озерная, д.15 к.2","Область","Московская обл.","МР/Г.О.","Пушкинский МР","Населенный пункт"," г. Пушкино","Улица","    Озерная","Дом"," д.15 к.2",,
"Московская обл., г. Пушкино, ул. Озерная, д.15 к.6","Область","Московская обл.","МР/Г.О.","Пушкинский МР","Населенный пункт"," г. Пушкино","Улица","    Озерная","Дом"," д.15 к.6",,
"Московская обл., г. Пушкино, пр-д Розанова, д.5","Область","Московская обл.","МР/Г.О.","Пушкинский МР","Населенный пункт"," г. Пушкино","Улица"," пр-д Розанова","Дом"," д.5",,
"Московская обл., г. Пушкино, пр-д Розанова, д.7","Область","Московская обл.","МР/Г.О.","Пушкинский МР","Населенный пункт"," г. Пушкино","Улица"," пр-д Розанова","Дом"," д.7",,
"Московская обл., г. Пушкино, ул. Чехова, д.9","Область","Московская обл.","МР/Г.О.","Пушкинский МР","Населенный пункт"," г. Пушкино","Улица","    Чехова","Дом"," д.9",,
"Московская обл., г. Пушкино, ул. Чехова, д.11","Область","Московская обл.","МР/Г.О.","Пушкинский МР","Населенный пункт"," г. Пушкино","Улица","    Чехова","Дом"," д.11",,
"Московская обл., г. Пушкино, ул. Чехова, д.13","Область","Московская обл.","МР/Г.О.","Пушкинский МР","Населенный пункт"," г. Пушкино","Улица","    Чехова","Дом"," д.13",,
"Московская обл., г. Пушкино, ул. Чехова, д.19","Область","Московская обл.","МР/Г.О.","Пушкинский МР","Населенный пункт"," г. Пушкино","Улица","    Чехова","Дом"," д.19",,
"Московская обл., г. Пушкино, ул. Чехова, д.33/9","Область","Московская обл.","МР/Г.О.","Пушкинский МР","Населенный пункт"," г. Пушкино","Улица","    Чехова","Дом"," д.33/9",,
"Московская обл., г. Пушкино, ул. Чехова, д.37","Область","Московская обл.","МР/Г.О.","Пушкинский МР","Населенный пункт"," г. Пушкино","Улица","    Чехова","Дом"," д.37",,
"Московская обл., г. Пушкино, ул. 50 лет Комсомола, д.19","Область","Московская обл.","МР/Г.О.","Пушкинский МР","Населенный пункт"," г. Пушкино","Улица","    50 лет Комсомола","Дом"," д.19",,
"Московская обл., г. Пушкино, ул. 50 лет Комсомола, д.21","Область","Московская обл.","МР/Г.О.","Пушкинский МР","Населенный пункт"," г. Пушкино","Улица","    50 лет Комсомола","Дом"," д.21",,
"Московская обл., г. Пушкино, ул. 50 лет Комсомола, д.23","Область","Московская обл.","МР/Г.О.","Пушкинский МР","Населенный пункт"," г. Пушкино","Улица","    50 лет Комсомола","Дом"," д.23",,
"Московская обл., г. Пушкино, ул. 50 лет Комсомола, д.25","Область","Московская обл.","МР/Г.О.","Пушкинский МР","Населенный пункт"," г. Пушкино","Улица","    50 лет Комсомола","Дом"," д.25",,
"Московская обл., г. Пушкино, ул. 50 лет Комсомола, д.27а","Область","Московская обл.","МР/Г.О.","Пушкинский МР","Населенный пункт"," г. Пушкино","Улица","    50 лет Комсомола","Дом"," д.27а",,
"Московская обл., г. Пушкино, ул. 50 лет Комсомола, д.30","Область","Московская обл.","МР/Г.О.","Пушкинский МР","Населенный пункт"," г. Пушкино","Улица","    50 лет Комсомола","Дом"," д.30",,
"Московская обл., г. Пушкино, ул. 50 лет Комсомола, д.31","Область","Московская обл.","МР/Г.О.","Пушкинский МР","Населенный пункт"," г. Пушкино","Улица","    50 лет Комсомола","Дом"," д.31",,
"Московская обл., г. Пушкино, ул. 50 лет Комсомола, д.32","Область","Московская обл.","МР/Г.О.","Пушкинский МР","Населенный пункт"," г. Пушкино","Улица","    50 лет Комсомола","Дом"," д.32",,
"Московская обл., г. Пушкино, ул. 50 лет Комсомола, д.41","Область","Московская обл.","МР/Г.О.","Пушкинский МР","Населенный пункт"," г. Пушкино","Улица","    50 лет Комсомола","Дом"," д.41",,
"Московская обл., г. Пушкино, ул. 50 лет Комсомола, д.47","Область","Московская обл.","МР/Г.О.","Пушкинский МР","Населенный пункт"," г. Пушкино","Улица","    50 лет Комсомола","Дом"," д.47",,
"Московская обл., г. Пушкино, 1-й Надсоновский пр-д, д.3","Область","Московская обл.","МР/Г.О.","Пушкинский МР","Населенный пункт"," г. Пушкино","Улица"," 1-й Надсоновский пр-д","Дом"," д.3",,
"Московская обл., г. Пушкино, 2-й Надсоновский пр-д, д.3","Область","Московская обл.","МР/Г.О.","Пушкинский МР","Населенный пункт"," г. Пушкино","Улица"," 2-й Надсоновский пр-д","Дом"," д.3",,
"Московская обл., г. Пушкино, 1-й Фабричный пр-д, д.3","Область","Московская обл.","МР/Г.О.","Пушкинский МР","Населенный пункт"," г. Пушкино","Улица"," 1-й Фабричный пр-д","Дом"," д.3",,
"Московская обл., г. Пушкино, 1-й Фабричный пр-д, д.5","Область","Московская обл.","МР/Г.О.","Пушкинский МР","Населенный пункт"," г. Пушкино","Улица"," 1-й Фабричный пр-д","Дом"," д.5",,
"Московская обл., г. Пушкино, 1-й Фабричный пр-д, д.7","Область","Московская обл.","МР/Г.О.","Пушкинский МР","Населенный пункт"," г. Пушкино","Улица"," 1-й Фабричный пр-д","Дом"," д.7",,
"Московская обл., г. Пушкино, 1-й Фабричный пр-д, д.8","Область","Московская обл.","МР/Г.О.","Пушкинский МР","Населенный пункт"," г. Пушкино","Улица"," 1-й Фабричный пр-д","Дом"," д.8",,
"Московская обл., г. Пушкино, 1-й Фабричный пр-д, д.10","Область","Московская обл.","МР/Г.О.","Пушкинский МР","Населенный пункт"," г. Пушкино","Улица"," 1-й Фабричный пр-д","Дом"," д.10",,
"Московская обл., г. Пушкино, 1-й Фабричный пр-д, д.12","Область","Московская обл.","МР/Г.О.","Пушкинский МР","Населенный пункт"," г. Пушкино","Улица"," 1-й Фабричный пр-д","Дом"," д.12",,
"Московская обл., г. Пушкино, 1-й Фабричный пр-д, д.12а","Область","Московская обл.","МР/Г.О.","Пушкинский МР","Населенный пункт"," г. Пушкино","Улица"," 1-й Фабричный пр-д","Дом"," д.12а",,
"Московская обл., г. Пушкино, 1-й Фабричный пр-д, д.13","Область","Московская обл.","МР/Г.О.","Пушкинский МР","Населенный пункт"," г. Пушкино","Улица"," 1-й Фабричный пр-д","Дом"," д.13",,
"Московская обл., г. Пушкино, 1-й Фабричный пр-д, д.14","Область","Московская обл.","МР/Г.О.","Пушкинский МР","Населенный пункт"," г. Пушкино","Улица"," 1-й Фабричный пр-д","Дом"," д.14",,
"Московская обл., г. Пушкино, 1-й Фабричный пр-д, д.14а","Область","Московская обл.","МР/Г.О.","Пушкинский МР","Населенный пункт"," г. Пушкино","Улица"," 1-й Фабричный пр-д","Дом"," д.14а",,
"Московская обл., г. Пушкино, 1-й Фабричный пр-д, д.15","Область","Московская обл.","МР/Г.О.","Пушкинский МР","Населенный пункт"," г. Пушкино","Улица"," 1-й Фабричный пр-д","Дом"," д.15",,
"Московская обл., г. Пушкино, 1-й Фабричный пр-д, д.16","Область","Московская обл.","МР/Г.О.","Пушкинский МР","Населенный пункт"," г. Пушкино","Улица"," 1-й Фабричный пр-д","Дом"," д.16",,
"Московская обл., г. Пушкино, 2-й Фабричный пр-д, д.2","Область","Московская обл.","МР/Г.О.","Пушкинский МР","Населенный пункт"," г. Пушкино","Улица"," 2-й Фабричный пр-д","Дом"," д.2",,
"Московская обл., г. Пушкино, 2-й Фабричный пр-д, д.3","Область","Московская обл.","МР/Г.О.","Пушкинский МР","Населенный пункт"," г. Пушкино","Улица"," 2-й Фабричный пр-д","Дом"," д.3",,
"Московская обл., г. Пушкино, 2-й Фабричный пр-д, д.4","Область","Московская обл.","МР/Г.О.","Пушкинский МР","Населенный пункт"," г. Пушкино","Улица"," 2-й Фабричный пр-д","Дом"," д.4",,
"Московская обл., г. Пушкино, 2-й Фабричный пр-д, д.4а","Область","Московская обл.","МР/Г.О.","Пушкинский МР","Населенный пункт"," г. Пушкино","Улица"," 2-й Фабричный пр-д","Дом"," д.4а",,
"Московская обл., г. Пушкино, 2-й Фабричный пр-д, д.5","Область","Московская обл.","МР/Г.О.","Пушкинский МР","Населенный пункт"," г. Пушкино","Улица"," 2-й Фабричный пр-д","Дом"," д.5",,
"Московская обл., г. Пушкино, 2-й Фабричный пр-д, д.6","Область","Московская обл.","МР/Г.О.","Пушкинский МР","Населенный пункт"," г. Пушкино","Улица"," 2-й Фабричный пр-д","Дом"," д.6",,
"Московская обл., г. Пушкино, 2-й Фабричный пр-д, д.7","Область","Московская обл.","МР/Г.О.","Пушкинский МР","Населенный пункт"," г. Пушкино","Улица"," 2-й Фабричный пр-д","Дом"," д.7",,
"Московская обл., г. Пушкино, 2-й Фабричный пр-д, д.7а","Область","Московская обл.","МР/Г.О.","Пушкинский МР","Населенный пункт"," г. Пушкино","Улица"," 2-й Фабричный пр-д","Дом"," д.7а",,
"Московская обл., г. Пушкино, 2-й Фабричный пр-д, д.8","Область","Московская обл.","МР/Г.О.","Пушкинский МР","Населенный пункт"," г. Пушкино","Улица"," 2-й Фабричный пр-д","Дом"," д.8",,
"Московская обл., г. Пушкино, 2-й Фабричный пр-д, д.9","Область","Московская обл.","МР/Г.О.","Пушкинский МР","Населенный пункт"," г. Пушкино","Улица"," 2-й Фабричный пр-д","Дом"," д.9",,
"Московская обл., г. Пушкино, 2-й Фабричный пр-д, д.9а","Область","Московская обл.","МР/Г.О.","Пушкинский МР","Населенный пункт"," г. Пушкино","Улица"," 2-й Фабричный пр-д","Дом"," д.9а",,
"Московская обл., г. Пушкино, 2-й Фабричный пр-д, д.10","Область","Московская обл.","МР/Г.О.","Пушкинский МР","Населенный пункт"," г. Пушкино","Улица"," 2-й Фабричный пр-д","Дом"," д.10",,
"Московская обл., г. Пушкино, 2-й Фабричный пр-д, д.10а","Область","Московская обл.","МР/Г.О.","Пушкинский МР","Населенный пункт"," г. Пушкино","Улица"," 2-й Фабричный пр-д","Дом"," д.10а",,
"Московская обл., г. Пушкино, 2-й Фабричный пр-д, д.11","Область","Московская обл.","МР/Г.О.","Пушкинский МР","Населенный пункт"," г. Пушкино","Улица"," 2-й Фабричный пр-д","Дом"," д.11",,
"Московская обл., г. Пушкино, 2-й Фабричный пр-д, д.13","Область","Московская обл.","МР/Г.О.","Пушкинский МР","Населенный пункт"," г. Пушкино","Улица"," 2-й Фабричный пр-д","Дом"," д.13",,
"Московская обл., г. Пушкино, 2-й Фабричный пр-д, д.14","Область","Московская обл.","МР/Г.О.","Пушкинский МР","Населенный пункт"," г. Пушкино","Улица"," 2-й Фабричный пр-д","Дом"," д.14",,
"Московская обл., г. Пушкино, мкр. Заветы Ильича, ул. Вокзальная, д. 10","Область","Московская обл.","МР/Г.О.","Пушкинский МР","Населенный пункт"," г. Пушкино","Микрорайон"," мкр. Заветы Ильича","Улица","    Вокзальная","Дом"," д. 10"
"Московская обл., г. Пушкино, мкр. Заветы Ильича, ул. Вокзальная, д. 11","Область","Московская обл.","МР/Г.О.","Пушкинский МР","Населенный пункт"," г. Пушкино","Микрорайон"," мкр. Заветы Ильича","Улица","    Вокзальная","Дом"," д. 11"
"Московская обл., г. Пушкино, мкр. Заветы Ильича, ул. Вокзальная, д. 12","Область","Московская обл.","МР/Г.О.","Пушкинский МР","Населенный пункт"," г. Пушкино","Микрорайон"," мкр. Заветы Ильича","Улица","    Вокзальная","Дом"," д. 12"
"Московская обл., г. Пушкино, мкр. Заветы Ильича, ул. Вокзальная, д. 13","Область","Московская обл.","МР/Г.О.","Пушкинский МР","Населенный пункт"," г. Пушкино","Микрорайон"," мкр. Заветы Ильича","Улица","    Вокзальная","Дом"," д. 13"
"Московская обл., г. Пушкино, мкр. Заветы Ильича, ул. Вокзальная, д. 14","Область","Московская обл.","МР/Г.О.","Пушкинский МР","Населенный пункт"," г. Пушкино","Микрорайон"," мкр. Заветы Ильича","Улица","    Вокзальная","Дом"," д. 14"
"Московская обл., г. Пушкино, мкр. Заветы Ильича, ул. Горького, д.1","Область","Московская обл.","МР/Г.О.","Пушкинский МР","Населенный пункт"," г. Пушкино","Микрорайон"," мкр. Заветы Ильича","Улица","    Горького","Дом"," д.1"
"Московская обл., г. Пушкино, мкр. Заветы Ильича, ул. Горького, д.3","Область","Московская обл.","МР/Г.О.","Пушкинский МР","Населенный пункт"," г. Пушкино","Микрорайон"," мкр. Заветы Ильича","Улица","    Горького","Дом"," д.3"
"Московская обл., г. Пушкино, мкр. Заветы Ильича, ул. Горького, д.39","Область","Московская обл.","МР/Г.О.","Пушкинский МР","Населенный пункт"," г. Пушкино","Микрорайон"," мкр. Заветы Ильича","Улица","    Горького","Дом"," д.39"
"Московская обл., г. Пушкино, мкр. Заветы Ильича, ул. Горького, д.41","Область","Московская обл.","МР/Г.О.","Пушкинский МР","Населенный пункт"," г. Пушкино","Микрорайон"," мкр. Заветы Ильича","Улица","    Горького","Дом"," д.41"
"Московская обл., г. Пушкино, мкр. Заветы Ильича, ул. Дзержинского, д.2а","Область","Московская обл.","МР/Г.О.","Пушкинский МР","Населенный пункт"," г. Пушкино","Микрорайон"," мкр. Заветы Ильича","Улица","    Дзержинского","Дом"," д.2а"
"Московская обл., г. Пушкино, мкр. Заветы Ильича, ул. Железнодорожная, д.2","Область","Московская обл.","МР/Г.О.","Пушкинский МР","Населенный пункт"," г. Пушкино","Микрорайон"," мкр. Заветы Ильича","Улица","    Железнодорожная","Дом"," д.2"
"Московская обл., г. Пушкино, мкр. Заветы Ильича, ул. Железнодорожная, д.3","Область","Московская обл.","МР/Г.О.","Пушкинский МР","Населенный пункт"," г. Пушкино","Микрорайон"," мкр. Заветы Ильича","Улица","    Железнодорожная","Дом"," д.3"
"Московская обл., г. Пушкино, мкр. Заветы Ильича, ул. Железнодорожная, д.4","Область","Московская обл.","МР/Г.О.","Пушкинский МР","Населенный пункт"," г. Пушкино","Микрорайон"," мкр. Заветы Ильича","Улица","    Железнодорожная","Дом"," д.4"
"Московская обл., г. Пушкино, мкр. Заветы Ильича, ул. Железнодорожная, д.5","Область","Московская обл.","МР/Г.О.","Пушкинский МР","Населенный пункт"," г. Пушкино","Микрорайон"," мкр. Заветы Ильича","Улица","    Железнодорожная","Дом"," д.5"
"Московская обл., г. Пушкино, мкр. Заветы Ильича, ул. Железнодорожная, д.6","Область","Московская обл.","МР/Г.О.","Пушкинский МР","Населенный пункт"," г. Пушкино","Микрорайон"," мкр. Заветы Ильича","Улица","    Железнодорожная","Дом"," д.6"
"Московская обл., г. Пушкино, мкр. Заветы Ильича, ул. Железнодорожная, д.7","Область","Московская обл.","МР/Г.О.","Пушкинский МР","Населенный пункт"," г. Пушкино","Микрорайон"," мкр. Заветы Ильича","Улица","    Железнодорожная","Дом"," д.7"
"Московская обл., г. Пушкино, мкр. Заветы Ильича, ул. Железнодорожная, д.8","Область","Московская обл.","МР/Г.О.","Пушкинский МР","Населенный пункт"," г. Пушкино","Микрорайон"," мкр. Заветы Ильича","Улица","    Железнодорожная","Дом"," д.8"
"Московская обл., г. Пушкино, мкр. Заветы Ильича, ул. Железнодорожная, д.9","Область","Московская обл.","МР/Г.О.","Пушкинский МР","Населенный пункт"," г. Пушкино","Микрорайон"," мкр. Заветы Ильича","Улица","    Железнодорожная","Дом"," д.9"
"Московская обл., г. Пушкино, мкр. Заветы Ильича, ул. Железнодорожная, д.10","Область","Московская обл.","МР/Г.О.","Пушкинский МР","Населенный пункт"," г. Пушкино","Микрорайон"," мкр. Заветы Ильича","Улица","    Железнодорожная","Дом"," д.10"
"Московская обл., г. Пушкино, мкр. Заветы Ильича, ул. Железнодорожная, д.11","Область","Московская обл.","МР/Г.О.","Пушкинский МР","Населенный пункт"," г. Пушкино","Микрорайон"," мкр. Заветы Ильича","Улица","    Железнодорожная","Дом"," д.11"
"Московская обл., г. Пушкино, мкр. Заветы Ильича, ул. Железнодорожная, д.13","Область","Московская обл.","МР/Г.О.","Пушкинский МР","Населенный пункт"," г. Пушкино","Микрорайон"," мкр. Заветы Ильича","Улица","    Железнодорожная","Дом"," д.13"
"Московская обл., г. Пушкино, мкр. Заветы Ильича, ул. Железнодорожная, д.15","Область","Московская обл.","МР/Г.О.","Пушкинский МР","Населенный пункт"," г. Пушкино","Микрорайон"," мкр. Заветы Ильича","Улица","    Железнодорожная","Дом"," д.15"
"Московская обл., г. Пушкино, мкр. Заветы Ильича, ул. Железнодорожная, д.15а","Область","Московская обл.","МР/Г.О.","Пушкинский МР","Населенный пункт"," г. Пушкино","Микрорайон"," мкр. Заветы Ильича","Улица","    Железнодорожная","Дом"," д.15а"
"Московская обл., г. Пушкино, мкр. Заветы Ильича, ул. Железнодорожная, д.17","Область","Московская обл.","МР/Г.О.","Пушкинский МР","Населенный пункт"," г. Пушкино","Микрорайон"," мкр. Заветы Ильича","Улица","    Железнодорожная","Дом"," д.17"
"Московская обл., г. Пушкино, мкр. Заветы Ильича, ул. Железнодорожная, д.19","Область","Московская обл.","МР/Г.О.","Пушкинский МР","Населенный пункт"," г. Пушкино","Микрорайон"," мкр. Заветы Ильича","Улица","    Железнодорожная","Дом"," д.19"
"Московская обл., г. Пушкино, мкр. Заветы Ильича, ул. Железнодорожная, д.19а","Область","Московская обл.","МР/Г.О.","Пушкинский МР","Населенный пункт"," г. Пушкино","Микрорайон"," мкр. Заветы Ильича","Улица","    Железнодорожная","Дом"," д.19а"
"Московская обл., г. Пушкино, мкр. Заветы Ильича, ул. Железнодорожная, д.21","Область","Московская обл.","МР/Г.О.","Пушкинский МР","Населенный пункт"," г. Пушкино","Микрорайон"," мкр. Заветы Ильича","Улица","    Железнодорожная","Дом"," д.21"
"Московская обл., г. Пушкино, мкр. Заветы Ильича, ул. Марата, д.1","Область","Московская обл.","МР/Г.О.","Пушкинский МР","Населенный пункт"," г. Пушкино","Микрорайон"," мкр. Заветы Ильича","Улица","    Марата","Дом"," д.1"
"Московская обл., г. Пушкино, мкр. Заветы Ильича, ул. Маяковского, д.2","Область","Московская обл.","МР/Г.О.","Пушкинский МР","Населенный пункт"," г. Пушкино","Микрорайон"," мкр. Заветы Ильича","Улица","    Маяковского","Дом"," д.2"
"Московская обл., г. Пушкино, мкр. Заветы Ильича, ул. Маяковского, д.4","Область","Московская обл.","МР/Г.О.","Пушкинский МР","Населенный пункт"," г. Пушкино","Микрорайон"," мкр. Заветы Ильича","Улица","    Маяковского","Дом"," д.4"
"Московская обл., г. Пушкино, мкр. Заветы Ильича, ул. Маяковского, д.6","Область","Московская обл.","МР/Г.О.","Пушкинский МР","Населенный пункт"," г. Пушкино","Микрорайон"," мкр. Заветы Ильича","Улица","    Маяковского","Дом"," д.6"
"Московская обл., г. Пушкино, мкр. Заветы Ильича, ул. Маяковского, д.8","Область","Московская обл.","МР/Г.О.","Пушкинский МР","Населенный пункт"," г. Пушкино","Микрорайон"," мкр. Заветы Ильича","Улица","    Маяковского","Дом"," д.8"
"Московская обл., г. Пушкино, мкр. Заветы Ильича, ул. Маяковского, д.10","Область","Московская обл.","МР/Г.О.","Пушкинский МР","Населенный пункт"," г. Пушкино","Микрорайон"," мкр. Заветы Ильича","Улица","    Маяковского","Дом"," д.10"
"Московская обл., г. Пушкино, мкр. Заветы Ильича, ул. Строительная, д.2","Область","Московская обл.","МР/Г.О.","Пушкинский МР","Населенный пункт"," г. Пушкино","Микрорайон"," мкр. Заветы Ильича","Улица","    Строительная","Дом"," д.2"
"Московская обл., г. Пушкино, мкр. Заветы Ильича, ул. Строительная, д.2а","Область","Московская обл.","МР/Г.О.","Пушкинский МР","Населенный пункт"," г. Пушкино","Микрорайон"," мкр. Заветы Ильича","Улица","    Строительная","Дом"," д.2а"
"Московская обл., г. Пушкино, мкр. Заветы Ильича, ул. Строительная, д.2б","Область","Московская обл.","МР/Г.О.","Пушкинский МР","Населенный пункт"," г. Пушкино","Микрорайон"," мкр. Заветы Ильича","Улица","    Строительная","Дом"," д.2б"
"Московская обл., г. Пушкино, мкр. Заветы Ильича, ул. Строительная, д.4","Область","Московская обл.","МР/Г.О.","Пушкинский МР","Населенный пункт"," г. Пушкино","Микрорайон"," мкр. Заветы Ильича","Улица","    Строительная","Дом"," д.4"
"Московская обл., г. Пушкино, мкр. Заветы Ильича, ул. Строительная, д.6","Область","Московская обл.","МР/Г.О.","Пушкинский МР","Населенный пункт"," г. Пушкино","Микрорайон"," мкр. Заветы Ильича","Улица","    Строительная","Дом"," д.6"
"Московская обл., г. Пушкино, мкр. Заветы Ильича, ул. Строительная, д.8","Область","Московская обл.","МР/Г.О.","Пушкинский МР","Населенный пункт"," г. Пушкино","Микрорайон"," мкр. Заветы Ильича","Улица","    Строительная","Дом"," д.8"
"Московская обл., г. Пушкино, мкр. Заветы Ильича, ул. Строительная, д.10","Область","Московская обл.","МР/Г.О.","Пушкинский МР","Населенный пункт"," г. Пушкино","Микрорайон"," мкр. Заветы Ильича","Улица","    Строительная","Дом"," д.10"
"Московская обл., г. Пушкино, мкр. Заветы Ильича, ул. Строительная, д.12","Область","Московская обл.","МР/Г.О.","Пушкинский МР","Населенный пункт"," г. Пушкино","Микрорайон"," мкр. Заветы Ильича","Улица","    Строительная","Дом"," д.12"
"Московская обл., пос. Правдинский, ул. Лесная, д.17","Область","Московская обл.","МР/Г.О.","Пушкинский МР","Населенный пункт"," пос. Правдинский","Улица","    Лесная","Дом"," д.17",,
"Московская обл., пос. Правдинский, ул. Лесная, д.19","Область","Московская обл.","МР/Г.О.","Пушкинский МР","Населенный пункт"," пос. Правдинский","Улица","    Лесная","Дом"," д.19",,
"Московская обл., г. Пушкино, мкр. Заветы Ильича, ул. Советская, д.2/8 А","Область","Московская обл.","МР/Г.О.","Пушкинский МР","Населенный пункт"," г. Пушкино","Микрорайон"," мкр. Заветы Ильича","Улица","    Советская","Дом"," д.2/8 А"
"Московская обл., г. Пушкино, мкр. Заветы Ильича, ул Энтузиасов, д.34","Область","Московская обл.","МР/Г.О.","Пушкинский МР","Населенный пункт"," г. Пушкино","Микрорайон"," мкр. Заветы Ильича","Улица"," ул Энтузиасов","Дом"," д.34"
"Московская обл., г. Пушкино, мкр. Мамонтовка, Акуловский пр-д, д.1","Область","Московская обл.","МР/Г.О.","Пушкинский МР","Населенный пункт"," г. Пушкино","Микрорайон"," мкр. Мамонтовка","Улица"," Акуловский пр-д","Дом"," д.1"
"Московская обл., г. Пушкино, мкр. Мамонтовка, Акуловский пр-д, д.2","Область","Московская обл.","МР/Г.О.","Пушкинский МР","Населенный пункт"," г. Пушкино","Микрорайон"," мкр. Мамонтовка","Улица"," Акуловский пр-д","Дом"," д.2"
"Московская обл., г. Пушкино, мкр. Мамонтовка, Акуловский пр-д, д.3","Область","Московская обл.","МР/Г.О.","Пушкинский МР","Населенный пункт"," г. Пушкино","Микрорайон"," мкр. Мамонтовка","Улица"," Акуловский пр-д","Дом"," д.3"
"Московская обл., г. Пушкино, мкр. Мамонтовка, Акуловский пр-д, д.4","Область","Московская обл.","МР/Г.О.","Пушкинский МР","Населенный пункт"," г. Пушкино","Микрорайон"," мкр. Мамонтовка","Улица"," Акуловский пр-д","Дом"," д.4"
"Московская обл., Пушкинский р-н, п. Черкизово, ул. Береговая, д.15","Область","Московская обл.","МР/Г.О.","Пушкинский МР","Населенный пункт"," п. Черкизово","Улица","    Береговая","Дом"," д.15",,
"Московская обл., г. Пушкино, мкр. Мамонтовка, ул. Мира, д.1","Область","Московская обл.","МР/Г.О.","Пушкинский МР","Населенный пункт"," г. Пушкино","Микрорайон"," мкр. Мамонтовка","Улица","    Мира","Дом"," д.1"
"Московская обл., г. Пушкино, мкр. Мамонтовка, ул. Мира, д.2","Область","Московская обл.","МР/Г.О.","Пушкинский МР","Населенный пункт"," г. Пушкино","Микрорайон"," мкр. Мамонтовка","Улица","    Мира","Дом"," д.2"
"Московская обл., г. Пушкино, мкр. Мамонтовка, ул. Мира, д.7","Область","Московская обл.","МР/Г.О.","Пушкинский МР","Населенный пункт"," г. Пушкино","Микрорайон"," мкр. Мамонтовка","Улица","    Мира","Дом"," д.7"
"Московская обл., г. Пушкино, мкр. Мамонтовка, ул. Мира, д.8","Область","Московская обл.","МР/Г.О.","Пушкинский МР","Населенный пункт"," г. Пушкино","Микрорайон"," мкр. Мамонтовка","Улица","    Мира","Дом"," д.8"
"Московская обл., г. Пушкино, мкр. Мамонтовка, ул. Мира, д.9","Область","Московская обл.","МР/Г.О.","Пушкинский МР","Населенный пункт"," г. Пушкино","Микрорайон"," мкр. Мамонтовка","Улица","    Мира","Дом"," д.9"
"Московская обл., г. Пушкино, мкр. Мамонтовка, ул. Мира, д.10","Область","Московская обл.","МР/Г.О.","Пушкинский МР","Населенный пункт"," г. Пушкино","Микрорайон"," мкр. Мамонтовка","Улица","    Мира","Дом"," д.10"
"Московская обл., Пушкинский р-н, п. Черкизово, ул. Орджоникидзе, д.10","Область","Московская обл.","МР/Г.О.","Пушкинский МР","Населенный пункт"," п. Черкизово","Улица","    Орджоникидзе","Дом"," д.10",,
"Московская обл., г. Пушкино, мкр. Мамонтовка, ул. Почтовая, д.2","Область","Московская обл.","МР/Г.О.","Пушкинский МР","Населенный пункт"," г. Пушкино","Микрорайон"," мкр. Мамонтовка","Улица","    Почтовая","Дом"," д.2"
"Московская обл., Пушкинский р-н, п. Черкизово, ул. Пушкинская, д.18","Область","Московская обл.","МР/Г.О.","Пушкинский МР","Населенный пункт"," п. Черкизово","Улица","    Пушкинская","Дом"," д.18",,
"Московская обл., г. Пушкино, мкр. Мамонтовка, ул. Рабочая, д.1","Область","Московская обл.","МР/Г.О.","Пушкинский МР","Населенный пункт"," г. Пушкино","Микрорайон"," мкр. Мамонтовка","Улица","    Рабочая","Дом"," д.1"
"Московская обл., г. Пушкино, мкр. Мамонтовка, ул. Рабочая, д.2","Область","Московская обл.","МР/Г.О.","Пушкинский МР","Населенный пункт"," г. Пушкино","Микрорайон"," мкр. Мамонтовка","Улица","    Рабочая","Дом"," д.2"
"Московская обл., г. Пушкино, мкр. Мамонтовка, ул. Рабочая, д.3","Область","Московская обл.","МР/Г.О.","Пушкинский МР","Населенный пункт"," г. Пушкино","Микрорайон"," мкр. Мамонтовка","Улица","    Рабочая","Дом"," д.3"
"Московская обл., г. Пушкино, мкр. Мамонтовка, ул. Рабочая, д.4","Область","Московская обл.","МР/Г.О.","Пушкинский МР","Населенный пункт"," г. Пушкино","Микрорайон"," мкр. Мамонтовка","Улица","    Рабочая","Дом"," д.4"
"Московская обл., г. Пушкино, мкр. Мамонтовка, ул. Рабочая, д.5","Область","Московская обл.","МР/Г.О.","Пушкинский МР","Населенный пункт"," г. Пушкино","Микрорайон"," мкр. Мамонтовка","Улица","    Рабочая","Дом"," д.5"
"Московская обл., г. Пушкино, мкр. Мамонтовка, ул. Рабочая, д.6","Область","Московская обл.","МР/Г.О.","Пушкинский МР","Населенный пункт"," г. Пушкино","Микрорайон"," мкр. Мамонтовка","Улица","    Рабочая","Дом"," д.6"
"Московская обл., г. Пушкино, мкр. Мамонтовка, ул. Рабочая, д.7","Область","Московская обл.","МР/Г.О.","Пушкинский МР","Населенный пункт"," г. Пушкино","Микрорайон"," мкр. Мамонтовка","Улица","    Рабочая","Дом"," д.7"
"Московская обл., г. Пушкино, мкр. Мамонтовка, ул. Рабочая, д.8а","Область","Московская обл.","МР/Г.О.","Пушкинский МР","Населенный пункт"," г. Пушкино","Микрорайон"," мкр. Мамонтовка","Улица","    Рабочая","Дом"," д.8а"
"Московская обл., г. Пушкино, мкр. Мамонтовка, ул. Рабочая, д.8б","Область","Московская обл.","МР/Г.О.","Пушкинский МР","Населенный пункт"," г. Пушкино","Микрорайон"," мкр. Мамонтовка","Улица","    Рабочая","Дом"," д.8б"
"Московская обл., г. Пушкино, мкр. Мамонтовка, ул. Рабочая, д.9","Область","Московская обл.","МР/Г.О.","Пушкинский МР","Населенный пункт"," г. Пушкино","Микрорайон"," мкр. Мамонтовка","Улица","    Рабочая","Дом"," д.9"
"Московская обл., г. Пушкино, мкр. Мамонтовка, ул. Рабочая, д.10","Область","Московская обл.","МР/Г.О.","Пушкинский МР","Населенный пункт"," г. Пушкино","Микрорайон"," мкр. Мамонтовка","Улица","    Рабочая","Дом"," д.10"
"Московская обл., г. Пушкино, мкр. Мамонтовка, ул. Рабочая, д.11","Область","Московская обл.","МР/Г.О.","Пушкинский МР","Населенный пункт"," г. Пушкино","Микрорайон"," мкр. Мамонтовка","Улица","    Рабочая","Дом"," д.11"
"Московская обл., г. Пушкино, мкр. Мамонтовка, ул. Рабочая, д.12а","Область","Московская обл.","МР/Г.О.","Пушкинский МР","Населенный пункт"," г. Пушкино","Микрорайон"," мкр. Мамонтовка","Улица","    Рабочая","Дом"," д.12а"
"Московская обл., г. Пушкино, мкр. Мамонтовка, ул. Рабочая, д.12б","Область","Московская обл.","МР/Г.О.","Пушкинский МР","Населенный пункт"," г. Пушкино","Микрорайон"," мкр. Мамонтовка","Улица","    Рабочая","Дом"," д.12б"
"Московская обл., г. Пушкино, мкр. Мамонтовка, ул. Рабочая, д.14","Область","Московская обл.","МР/Г.О.","Пушкинский МР","Населенный пункт"," г. Пушкино","Микрорайон"," мкр. Мамонтовка","Улица","    Рабочая","Дом"," д.14"
"Московская обл., г. Пушкино, мкр. Мамонтовка, ул. Рабочая, д.15","Область","Московская обл.","МР/Г.О.","Пушкинский МР","Населенный пункт"," г. Пушкино","Микрорайон"," мкр. Мамонтовка","Улица","    Рабочая","Дом"," д.15"
"Московская обл., г. Пушкино, мкр. Мамонтовка, ул. Рабочая, д.16","Область","Московская обл.","МР/Г.О.","Пушкинский МР","Населенный пункт"," г. Пушкино","Микрорайон"," мкр. Мамонтовка","Улица","    Рабочая","Дом"," д.16"
"Московская обл., г. Пушкино, мкр. Мамонтовка, ул. Рабочая, д.17","Область","Московская обл.","МР/Г.О.","Пушкинский МР","Населенный пункт"," г. Пушкино","Микрорайон"," мкр. Мамонтовка","Улица","    Рабочая","Дом"," д.17"
"Московская обл., г. Пушкино, мкр. Мамонтовка, ул. Рабочая, д.18","Область","Московская обл.","МР/Г.О.","Пушкинский МР","Населенный пункт"," г. Пушкино","Микрорайон"," мкр. Мамонтовка","Улица","    Рабочая","Дом"," д.18"
"Московская обл., г. Пушкино, мкр. Мамонтовка, ул. Рабочая, д.20","Область","Московская обл.","МР/Г.О.","Пушкинский МР","Населенный пункт"," г. Пушкино","Микрорайон"," мкр. Мамонтовка","Улица","    Рабочая","Дом"," д.20"
"Московская обл., г. Пушкино, мкр. Мамонтовка, ул. Рабочая, д.21","Область","Московская обл.","МР/Г.О.","Пушкинский МР","Населенный пункт"," г. Пушкино","Микрорайон"," мкр. Мамонтовка","Улица","    Рабочая","Дом"," д.21"
"Московская обл., г. Пушкино, мкр. Мамонтовка, Спортивный пр-д., д.2","Область","Московская обл.","МР/Г.О.","Пушкинский МР","Населенный пункт"," г. Пушкино","Микрорайон"," мкр. Мамонтовка","Улица"," Спортивный пр-д","Дом"," д.2"
"Московская обл., г. Пушкино, мкр. Мамонтовка, ул. Школьная, д.34","Область","Московская обл.","МР/Г.О.","Пушкинский МР","Населенный пункт"," г. Пушкино","Микрорайон"," мкр. Мамонтовка","Улица","    Школьная","Дом"," д.34"
"Московская обл., г. Пушкино, мкр. Мамонтовка, ул. Школьная, д.36","Область","Московская обл.","МР/Г.О.","Пушкинский МР","Населенный пункт"," г. Пушкино","Микрорайон"," мкр. Мамонтовка","Улица","    Школьная","Дом"," д.36"
