id_prov,parrent_id,type,,Период на принятие,Период на исполнение,Сезонность,Аварийная
1,3077,2286. 9031. Прекратить незаконные действия в охранных зонах объектов электросетевого хозяйства,,72,192,Вне зависимости от сезона,Нет
1,3077,"2286. 9032. Убрать объекты (предметы), расположенные в охранных зонах объектов электросетевого хозяйства",,72,192,Вне зависимости от сезона,
1,3077,2286. 9034. Изменить место расположения  объектов электросетевого хозяйства,,72,192,Вне зависимости от сезона,
1,3077,2286. 9030. Прекратить незаконное размещение объектов электросетевого хозяйства,,72,192,Вне зависимости от сезона,
1,3077,"2286. 9033. Не допустить использование земельных участков, расположенных в границах охранных зон объектов электросетевого хозяйства без согл",,72,192,Вне зависимости от сезона,
1,3077,2287. 9037. Прекратить незаконное размещение магистральных газопроводов,,72,192,Вне зависимости от сезона,
1,3077,"2287. 9035. Убрать объекты (предметы), расположенные в охранных зонах магистральных газопроводов",,72,192,Вне зависимости от сезона,
1,3077,2287. 9038. Прекратить незаконные действия в охранных зонах магистральных газопроводов,,72,120,Вне зависимости от сезона,
1,3077,2287. 9039. Изменить место расположения магистральных газопроводов,,72,192,Вне зависимости от сезона,
1,3077,"2287. 9036. Не допустить использование земельных участков, расположенных в границах охранных зон магистральных газопроводов без согласования",,72,192,Вне зависимости от сезона,
1,3077,"2288. 9044. Не допустить использование земельных участков, расположенных в границах охранных зон магистральных нефтепроводов и нефтепродукто",,72,120,Вне зависимости от сезона,
1,3077,2288. 9043. Прекратить незаконные действия в охранных зонах магистральных нефтепроводов и нефтепродуктопроводов,,72,192,Вне зависимости от сезона,
1,3077,2288. 9040. Прекратить незаконное размещение магистральных нефтепроводов и нефтепродуктопроводов,,72,120,Вне зависимости от сезона,
1,3077,"2288. 9041. Убрать  объекты (предметы), расположенные в охранных зонах магистральных нефтепроводов и нефтепродуктопроводов",,72,192,Вне зависимости от сезона,
1,3077,2288. 9042. Изменить место расположения  магистральных нефтепроводов и нефтепродуктопроводов,,72,120,Вне зависимости от сезона,
1,3078,2289. 9045. Устранить нарушения эксплуатации и содержания общедомового имущества многоквартирного дома,,72,192,Вне зависимости от сезона,
1,3079,"2290. 9048. Принять меры в связи с нарушением УО, ТСЖ, ЖК, ЖСК, ОМСУ, РСО  сроков размещения информации в ГИС ЖКХ.",,72,96,Вне зависимости от сезона,
1,3079,2290. 9046. Провести проверку в отношении ОМСУ на предмет соблюдения сроков размещения информации в ГИС ЖКХ.,,72,96,Вне зависимости от сезона,
1,3079,"2290. 9047. Провести проверку в отношении УО, ТСЖ, ЖК, ЖСК, РСО на предмет соблюдения сроков размещения информации в ГИС ЖКХ.",,72,96,Вне зависимости от сезона,
1,3079,2456. 9050. Принять меры в связи с нарушением порядка размещения информации о деятельности ОМСУ в полном объёме в  системе ГИС ЖКХ .,,72,96,Вне зависимости от сезона,
1,3079,"2456. 9049. Принять меры в связи с нарушением УО, ТСЖ, ЖК, ЖСК, ОМСУ, РСО  сроков размещения информации в ГИС ЖКХ",,72,96,Вне зависимости от сезона,
1,3079,"2456. 9051. Провести проверку в отношении УО, ТСЖ, ЖК, ЖСК на предмет достоверности (актуальности) информации, размещенной  в системе ГИС ЖК",,72,96,Вне зависимости от сезона,
1,3079,2456. 9052. Принять меры в связи с отсутствием информации о решениях собственников многоквартирного дома в системе ГИС ЖКХ.,,72,96,Вне зависимости от сезона,
1,3079,2456. 9053. Принять меры в связи с нарушением  размещения информации о лицевых счетах в системе ГИС ЖКХ.,,72,96,Вне зависимости от сезона,
1,3080,"2291. 9057. Дать разъяснение по соответствию требований к составу нормативов потребления коммунальных услуг, установленных действующим закон",,72,144,Вне зависимости от сезона,
1,3080,2291. 9054. Дать разъяснение по обоснованности размера установленного норматива потребления коммунальных услуг,,72,144,Вне зависимости от сезона,
1,3080,2291. 9055. Дать разъяснения по соблюдению условий и методов установления нормативов потребления коммунальных услуг,,72,144,Вне зависимости от сезона,
1,3080,"2291. 9056. Дать разъяснение по соответствию требований к составу нормативов потребления коммунальных услуг, установленных действующим закон",,72,144,Вне зависимости от сезона,
1,3080,"2292. 9058. Устранить нарушения, связанные с применением при расчетах платы за содержание жилого помещения размеров площади дома / квартиры",,72,144,Вне зависимости от сезона,
1,3080,2292. 9059. Исключить из ЕПД плату за дополнительные услуги,,72,144,Вне зависимости от сезона,
1,3080,2292. 9060. Провести проверку соответствия выставляемого ЕПД установленным требованиям,,72,144,Вне зависимости от сезона,
1,3080,"2292. 9061. Устранить нарушения, связанные с применением в расчетах неустановленного размера платы за содержание жилого помещения",,72,144,Вне зависимости от сезона,
1,3080,2292. 9062. Провести проверку правильности начисления платы за содержание жилого помещения,,72,144,Вне зависимости от сезона,
1,3080,2292. 9064. Исключить из ЕПД задолженность за содержание жилого помещения,,72,144,Вне зависимости от сезона,
1,3080,"2292. 9063. ""Дать разъяснение по применяемому размеру платы за содержание жилого помещения """,,72,144,Вне зависимости от сезона,
1,3080,2293. 9065. Провести проверку корректности проведенного перерасчета платы за отопление,,72,144,Вне зависимости от сезона,
1,3080,2293. 9067. Провести перерасчет платы за некачественно оказанные жилищно-коммунальные услуги,,72,144,Вне зависимости от сезона,
1,3080,"2293. 9066. Устранить нарушения, связанные с отсутствием перерасчета платы за отопление исходя из показаний общедомового прибора учета",,72,144,Вне зависимости от сезона,
1,3080,2294. 9068. Провести проверку порядка начисления платы за коммунальные услуги по лицевому счету квартиры,,72,144,Вне зависимости от сезона,
1,3080,2294. 9069. Исключить из ЕПД задолженность за коммунальные услуги,,72,144,Вне зависимости от сезона,
1,3080,2294. 9073. Провести проверку порядка начисления платы за коммунальные услуги на общедомовые нужды,,72,144,Вне зависимости от сезона,
1,3080,"2294. 9071. Провести проверку корректности объемов потребления коммунальных услуг, указанных в ЕПД",,72,144,Вне зависимости от сезона,
1,3080,"2294. 9070. Дать разъяснение по тарифам, применяемым при расчетах за коммунальные услуги",,72,192,Вне зависимости от сезона,
1,3080,2294. 9072. Обеспечить применение в расчетах установленных тарифов за коммунальные услуги,,72,192,Вне зависимости от сезона,
1,3081,"2295. 9074. Удалить несанкционированные объявления, листовки, информационные материалы, графические изображения",,72,192,Вне зависимости от сезона,
1,3081,"2295. 9075. Привлечь к ответственности за размещение объявлений, листовок, информационных материалов, графических изображений вне отведенных",,72,192,Вне зависимости от сезона,
1,3081,2296. 9076. Установить (привести в надлежащее состояние) информационный стенд дворовой территории,,72,192,Вне зависимости от сезона,
1,3082,2297. 9079. Отремонтировать железнодорожный переезд,,72,96,Вне зависимости от сезона,
1,3082,2297. 9078. Изменить интервал работы железнодорожного переезда,,72,96,Вне зависимости от сезона,
1,3082,2297. 9077. Ликвидировать железнодорожный переезд,,72,96,Вне зависимости от сезона,
1,3083,"2298. 9080. Проинформировать о порядке осуществления государственного надзора и соблюдения требований  в сфере чистоты, порядка и благоустро",,72,96,Вне зависимости от сезона,
1,3083,2299. 9081. Проинформировать о порядке привлечения к отвественности и соблюдении требований в сфере обеспечения тишины и покоя граждан,,72,96,Вне зависимости от сезона,
1,3084,"2300. 9082. Установить (привести в надлежащее состояние) люк, колодец",,24,72,Вне зависимости от сезона,
1,3084,"2300. 9083. Привлечь к ответственности за отсутствие (ненадлежащее состояние) люка, колодца",,72,192,Вне зависимости от сезона,
1,3084,"2301. 9084. Привлечь к ответственности за отсутствие (разрушение) наружной изоляции наземных линий теплосети, газо-, топливо-, водопроводов",,72,192,Вне зависимости от сезона,
1,3084,"2301. 9085. Установить (восстановить) изоляцию наземной линии теплосети, газо-, топливо-, водопровода",,72,192,Вне зависимости от сезона,
1,3084,2302. 9086. Привлечь за самовольную прокладку коммуникаций,,72,192,Вне зависимости от сезона,
1,3085,2303. 9087. Принять меры в свяи с некорректным поведением сотрудника управляющей организации,,72,192,Вне зависимости от сезона,
1,3085,2304. 9089. Обеспечить оперативные ответы на звонки сотрудниками управляющей организации,,72,192,Вне зависимости от сезона,
1,3085,2304. 9088. Принять меры в связи с невозможностью дозвониться до диспетчерской службы управляющей организации,,72,192,Вне зависимости от сезона,
1,3085,"2305. 9090. Принять меры по обслуживанию и очистке мусопроводов, мусороприемных камер, и вокруг контейнерных площадок",,72,192,Вне зависимости от сезона,
1,3086,2306. 9091. Разъяснить способы и средства экономии тепловой энергии на жилом объекте,,24,72,Вне зависимости от сезона,
1,3086,2306. 9092. Разъяснить способы и средства экономии тепловой энергии на нежилом объекте,,24,72,Вне зависимости от сезона,
1,3086,2307. 9093. Разъяснить способы и средства экономии электрической энергии на нежилом объекте,,24,72,Вне зависимости от сезона,
1,3086,2307. 9094. Разъяснить способы и средства экономии электрической энергии на жилом объекте,,24,72,Вне зависимости от сезона,
1,3087,2308. 9096. Записаться на прием к главе,,72,120,Вне зависимости от сезона,
1,3087,2308. 9095. Записаться на прием к руководству Администрации,,72,120,Вне зависимости от сезона,
1,3087,2308. 9097. Записаться на прием к заместителю главы,,72,120,Вне зависимости от сезона,
1,3087,2309. 9098. Разъяснить порядок трудоустройства в организации энергетической отрасли,,24,48,Вне зависимости от сезона,
1,3088,2310. 9109. Очистить детскую площадку от мусора,,24,72,Вне зависимости от сезона,
1,3088,2310. 9108. Привлечь к ответственности за подтопление территории площадки,,72,192,Вне зависимости от сезона,
1,3088,"2310. 9104. Привлечь к ответственности за размещение транспортного средства, в том числе брошенного и (или) разукомплектованного, на детской",,72,192,Вне зависимости от сезона,
1,3088,2310. 9101. Устранить подтопление на детской площадке,,72,192,Вне зависимости от сезона,
1,3088,2310. 9105. Очистить от снега и наледи  территорию детской площадки,,24,72,Вне зависимости от сезона,
1,3088,2310. 9107. Привлечь к ответственности за складирование снега на детской площадке,,72,192,Зимний период,
1,3088,2310. 9099. Привелечь к ответственности за непринятие мер по удалению аварийных деревьев на детской площадке,,72,192,Вне зависимости от сезона,
1,3088,2310. 9100. Привлечь к ответственности за ненадлежащую уборку детской площадки от снега и наледи,,72,192,Зимний период,
1,3088,2310. 9102. Очистить площадку от снега и наледи,,24,72,Зимний период,
1,3088,2310. 9103. Привлечь к ответственности за ненадлежащую уборку детской площадки от мусора,,192,192,Вне зависимости от сезона,
1,3088,2310. 9106. Произвести удаление (опиловку) аварийных деревьев на площадке,,24,72,Вне зависимости от сезона,
1,3088,2311. 9114. Привлечь к ответственности за ненадлежащее состояние освещения на площадке,,72,192,Вне зависимости от сезона,
1,3088,2311. 9111. Привлечь к ответственности за ненадлежащее состояние покрытия площадки,,72,192,Вне зависимости от сезона,
1,3088,2311. 9113. Привлечь к ответственности за ненадлежащее состояние игровых элементов площадки,,72,192,Вне зависимости от сезона,
1,3088,2311. 9115. Привлечь к ответственности за ненадлежащее состояние ограждения площадки,,72,192,Вне зависимости от сезона,
1,3088,2311. 9110. Привлечь к ответственности за ненадлежащее состояние (отсутствие) информационного щита на площадке,,72,192,Вне зависимости от сезона,
1,3088,2311. 9112. Привлечь к ответственности за ненадлежащее состояние скамеек на площадке,,72,192,Вне зависимости от сезона,
1,3088,2311. 9116. Привлечь к ответственности за ненадлежащее состояние урн на площадке,,72,192,Вне зависимости от сезона,
1,3088,2312. 9117. Установить урны на площадке,,24,72,Вне зависимости от сезона,
1,3088,2312. 9123. Привести в надлежащее состояние ограждение площадки,,72,192,Вне зависимости от сезона,
1,3088,2312. 9125. Привести в надлежащее состояние игровые элементы площадки,,24,72,Вне зависимости от сезона,
1,3088,2312. 9118. Обеспечить обустройство (подключение) программно-технических комплексов видеонаблюдения на вновь открытых или реконструируемых д,,72,192,Вне зависимости от сезона,
1,3088,2312. 9122. Наполнить песочницу песком,,24,72,Вне зависимости от сезона,
1,3088,2312. 9119. Привести в надлежащее состояние (установить) информационный щит на площадке,,72,192,Вне зависимости от сезона,
1,3088,2312. 9121. Восстановить освещение на площадке,,24,72,Вне зависимости от сезона,
1,3088,2312. 9124. Привести в надлежащее состояние покрытие площадки,,72,192,Вне зависимости от сезона,
1,3088,2312. 9120. Привести в надлежащее состояние скамейки на площадке,,72,192,Вне зависимости от сезона,
1,3089,2313. 9128. Устранить нарушения технологии в ходе ремонта дороги,,72,192,Вне зависимости от сезона,Да
1,3089,2313. 9130. Отремонтировать участок дороги,,72,192,Вне зависимости от сезона,
1,3089,2313. 9127. Устранить недостатки выполненного ремонта дороги,,72,192,Вне зависимости от сезона,Да
1,3089,2313. 9129. Отремонтировать имеющуюся ливневую канализацию,,72,192,Вне зависимости от сезона,Да
1,3089,2313. 9126. Изменить тип покрытия дороги на асфальтобетон,,72,192,Вне зависимости от сезона,
1,3089,2313. 9131. Ускорить ремонт дороги,,72,192,Вне зависимости от сезона,
1,3089,2313. 9132. Укрепить обочину после ремонта дорожного полотна,,72,192,Вне зависимости от сезона,Да
1,3089,2314. 9142. Установить крышку на открытый люк,,24,192,Вне зависимости от сезона,Да
1,3089,2314. 9143. Вывезти снег с обочины дороги,,24,192,Вне зависимости от сезона,Да
1,3089,2314. 9141. Очистить ливневую канализацию,,24,192,Вне зависимости от сезона,Да
1,3089,"2314. 9135. Очистить дорогу от пыли, грязи и мусора",,8,192,Вне зависимости от сезона,Да
1,3089,2314. 9137. Устранить провал канализационного люка,,24,192,Вне зависимости от сезона,Да
1,3089,2314. 9133. Устранить разрушение обочины,,24,192,Вне зависимости от сезона,Да
1,3089,2314. 9139. Очистить дорогу от снега и наледи,,8,192,Вне зависимости от сезона,Да
1,3089,2314. 9136. Устранить подтопление автомобильной дороги,,8,192,Вне зависимости от сезона,Да
1,3089,2314. 9140. Устранить яму на дороге ,,24,192,Вне зависимости от сезона,Да
1,3089,2314. 9138. Убрать несанкционированную помеху движению,,24,192,Вне зависимости от сезона,Да
1,3089,2314. 9134. Убрать крупногабаритный мусор с дороги,,8,192,Вне зависимости от сезона,Да
1,3089,2315. 9144. Расширить дорогу,,24,192,Вне зависимости от сезона,
1,3089,2315. 9145. Построить новую ливневую канализацию,,24,192,Вне зависимости от сезона,
1,3089,2315. 9147. Сообщить об изъятии земельного участка для строительства дороги,,24,192,Вне зависимости от сезона,
1,3089,2315. 9146. Построить новую дорогу,,24,192,Вне зависимости от сезона,
1,3089,2316. 9152. Устранить повреждения опоры освещения,,24,192,Вне зависимости от сезона,Да
1,3089,2316. 9151. Построить новую линию освещения на участке дороги,,24,192,Вне зависимости от сезона,
1,3089,2316. 9148. Устранить повреждения провода освещения,,24,192,Вне зависимости от сезона,Да
1,3089,2316. 9150. Очистить опору освещения,,24,192,Вне зависимости от сезона,
1,3089,2316. 9149. Восстановить работу освещения на дороге,,24,192,Вне зависимости от сезона,Да
1,3089,2317. 9160. Очистить автобусную остановку от мусора и грязи,,24,24,Вне зависимости от сезона,Да
1,3089,2317. 9156. Очистить автобусную остановку от снега и наледи,,24,24,Зимний период,Да
1,3089,2317. 9157. Установка малых архитектурных форм (скамейка/урна),,24,192,Вне зависимости от сезона,
1,3089,2317. 9161. Установить остановочный павильон,,24,192,Вне зависимости от сезона,
1,3089,2317. 9155. Отремонтировать автобусную остановку,,24,192,Вне зависимости от сезона,Да
1,3089,2317. 9158. Разместить расписание движения транспорта,,24,192,Вне зависимости от сезона,
1,3089,2317. 9162. Ремонт малых архитектурных форм скамейка/урна,,24,192,Вне зависимости от сезона,
1,3089,2317. 9154. Оборудовать остановку для нужд маломобильных групп населения,,24,192,Вне зависимости от сезона,
1,3089,2317. 9159. Очистить остановочный павильон от несанкционированных объявлений/рекламы/граффити,,24,24,Вне зависимости от сезона,Да
1,3089,2317. 9153. Обустроить заездной карман,,24,192,Вне зависимости от сезона,
1,3089,2318. 9165. Устранить самозахват участка придорожной полосы,,24,192,Вне зависимости от сезона,
1,3089,2318. 9163. Убрать мусор с придорожной полосы,,24,192,Вне зависимости от сезона,Да
1,3089,"2318. 9164. Сообщить об ограничениях в использовании земельного участка, прилегающего к дороге",,24,192,Вне зависимости от сезона,
1,3089,2319. 9168. Очистить тротуар от грязи и мусора,,24,192,Вне зависимости от сезона,Да
1,3089,2319. 9169. Отремонтировать тротуар,,24,192,Вне зависимости от сезона,Да
1,3089,2319. 9166. Очистить троуар от снега и наледи,,24,24,Вне зависимости от сезона,Да
1,3089,2319. 9167. Оборудовать тротуар для маломобильных групп населения,,24,192,Вне зависимости от сезона,
1,3089,2319. 9170. Построить тротуар,,24,192,Вне зависимости от сезона,
1,3089,2320. 9171. Отремонтировать велодорожку,,24,192,Вне зависимости от сезона,Да
1,3089,2320. 9173. Обустроить велодорожку,,24,192,Вне зависимости от сезона,
1,3089,2320. 9172. Ликвидировать велодорожку,,24,192,Вне зависимости от сезона,
1,3089,2321. 9174. Очистить шумозащитный экран,,24,192,Вне зависимости от сезона,Да
1,3089,2321. 9175. Отремонтировать шумозащитный экран,,24,192,Вне зависимости от сезона,Да
1,3090,2344. 9236. Дать разъяснение о критериях очередности проведения капитального ремонта дома,,24,96,Вне зависимости от сезона,
1,3090,2344. 9237. Провести проверку качества капитального ремонта дома,,24,192,Вне зависимости от сезона,
1,3090,2344. 9235. Указать сроки проведения работ по капитальному ремонту в доме,,24,96,Вне зависимости от сезона,
1,3090,2345. 9238. Дать разъяснения о сроках наступления обязанности на уплату взносов на капремонт,,24,96,Вне зависимости от сезона,
1,3090,2345. 9241. Дать разъяснения о минимальном размере взносов на капремонт,,24,192,Вне зависимости от сезона,
1,3090,"2345. 9239. Дать разъяснения об агенте, уполномоченном на выставление платежных документов по уплате взносов на капремонт",,24,96,Вне зависимости от сезона,
1,3090,2345. 9240. Дать разъяснения о способе формирования фонда капремонта по дому,,24,96,Вне зависимости от сезона,
1,3091,"2346. 9246. Устранить неисправность фонарей наружного освещения на  проездах, улицах и площадях",,24,192,Вне зависимости от сезона,
1,3091,2346. 9244. Устранить неисправность фонарей наружного освещения в парках и скверах,,24,72,Вне зависимости от сезона,
1,3091,2346. 9245. Привлечь к ответственности за ненадлежащее содержание опор линии наружного освещения,,24,192,Вне зависимости от сезона,
1,3091,2346. 9243. Устранить неисправность фонарей наружного освещения на внутридворовой территории,,24,72,Вне зависимости от сезона,
1,3091,2346. 9247. Привести в надлежащее состояние опоры линии наружного освещения,,24,192,Вне зависимости от сезона,
1,3091,"2346. 9242. Привлечь к ответственности за неисправное состояние фонарей наружного освещения на  проездах, улицах и площадях",,24,192,Вне зависимости от сезона,
1,3092,2347. 9252. Подтвердить наличие оснований для размещения действующего автозаправочного комплекса на территории,,24,192,Вне зависимости от сезона,
1,3092,2347. 9249. Разъяснить причину роста цен на моторное топливо,,24,120,Вне зависимости от сезона,
1,3092,2347. 9253. Принять меры в связи с недоливом моторного топлива на автозаправочной станции,,24,120,Вне зависимости от сезона,
1,3092,2347. 9251. Принять меры в связи с заправкой некачественным моторным топливом на автозаправочной станции,,24,120,Вне зависимости от сезона,
1,3092,2347. 9250. Подтвердить наличие оснований для строительства нового автозаправочного комплекса,,24,192,Вне зависимости от сезона,
1,3092,2347. 9248. Принять меры в связи с Нарушением прав потребителей при заправке моторного топлива на объектах топливозаправочного комплекса,,24,120,Вне зависимости от сезона,
1,3092,2348. 9254. Установить электрозарядную станцию,,24,192,Вне зависимости от сезона,
1,3093,2349. 9255. Предоставить информацию о трудоустройстве в Администрацию,,24,96,Вне зависимости от сезона,
1,3093,2350. 9256. Принять меры в связи с действием/бездействием должностного лица,,24,96,Вне зависимости от сезона,
1,3093,2351. 9257. Рассмотреть предложения по развитию муниципальной структуры,,24,96,Вне зависимости от сезона,
1,3093,2352. 9259. Предоставить информацию о порядке записи на личный прием в Администрацию,,24,96,Вне зависимости от сезона,
1,3093,2352. 9258. Записать на личный прием в Администрацию,,24,96,Вне зависимости от сезона,
1,3093,2353. 9260. Объявить благодарность,,24,96,Вне зависимости от сезона,
1,3094,2354. 9264. Разъяснить порядок приема в школу,,24,96,Вне зависимости от сезона,
1,3094,2354. 9270. Оказать содействие в предоставлении места в 2-11 классы,,24,168,Вне зависимости от сезона,
1,3094,"2354. 9265. Разъяснить порядок зачисления в школу детей раннего возраста до 6,6 лет.",,24,96,Вне зависимости от сезона,
1,3094,"2354. 9267. Разъяснить порядок зачисления в школу детей раннего возраста позднего возраста от 6,6 до 8 лет.",,24,96,Вне зависимости от сезона,
1,3094,2354. 9261. Проверить правомерность зачисления в 1 класс,,24,168,Вне зависимости от сезона,
1,3094,2354. 9263. Проверить правомерность зачисления в профильный класс,,24,192,Вне зависимости от сезона,
1,3094,2354. 9266. Устранить технические проблемы в записи ребенка в школу на Портале госуслуг Московской области,,24,192,Вне зависимости от сезона,
1,3094,2354. 9268. Разъяснить порядок функционирования Школьного Портала Московской области,,24,96,Вне зависимости от сезона,
1,3094,2354. 9269. Оказать содействие в предоставлении места в 1 класс,,24,168,Вне зависимости от сезона,
1,3094,2354. 9262. Перевести ребенка в другую школу,,24,168,Вне зависимости от сезона,
1,3094,2355. 9281. Проверить качество преподавания отдельных предметов,,24,96,Вне зависимости от сезона,
1,3094,2355. 9271. Разъяснить порядок трудоустройства несовершеннолетних в летний период (трудовые бригады),,24,96,Вне зависимости от сезона,
1,3094,2355. 9274. Организовать необходимые условия для обучения ребенка с ограниченными возможностями здоровья,,24,168,Вне зависимости от сезона,
1,3094,2355. 9280. Разъяснить порядок перехода на семейную форму образования,,24,96,Вне зависимости от сезона,
1,3094,2355. 9278. Разъяснить порядок выплаты компенсации родителям за обучение детей в форме семейного образования,,24,96,Вне зависимости от сезона,
1,3094,"2355. 9279. Разъяснить порядок получении медали ""За особые успехи в учении""",,24,96,Вне зависимости от сезона,
1,3094,2355. 9275. Разъяснить порядок допуска детей к занятиям без прививок,,24,96,Вне зависимости от сезона,
1,3094,2355. 9282. Проверить реализацию образовательной программы,,24,96,Вне зависимости от сезона,
1,3094,2355. 9276. Разъяснить требования к школьной форме одежды,,24,96,Вне зависимости от сезона,
1,3094,"2355. 9284. Проверить получение бесплатных учебников, учебных пособий, в том числе рабочих тетрадей в школе",,24,168,Вне зависимости от сезона,
1,3094,2355. 9289. Разъяснить порядок предоставления целевого договора на обучение,,24,96,Вне зависимости от сезона,
1,3094,2355. 9273. Разъяснить порядок переноса сроков  каникул,,24,96,Вне зависимости от сезона,
1,3094,2355. 9287. Проверить качество подготовки обучающихся установленным требованиям,,24,96,Вне зависимости от сезона,
1,3094,2355. 9286. Проверить своевременное ознакомление родителей с оценками успеваемости,,24,96,Вне зависимости от сезона,
1,3094,2355. 9283. Разъяснить порядок организации обучения в режиме двух смен,,24,96,Вне зависимости от сезона,
1,3094,"2355. 9285. Отчислить обучающегося, нарушающего правила поведения в школе",,24,96,Вне зависимости от сезона,
1,3094,2355. 9277. Разъяснить порядок предоставления мест в группе продленного дня,,24,96,Вне зависимости от сезона,
1,3094,2355. 9288. Разъяснить порядок закрытия классов (ОУ) на карантинные мероприятия,,24,96,Вне зависимости от сезона,
1,3094,2355. 9272. Разъяснить порядок медицинских осмотров учащихся ОУ,,24,96,Вне зависимости от сезона,
1,3094,2356. 9296. Разрешить конфликтную ситуацию  педагог/педагог,,24,96,Вне зависимости от сезона,
1,3094,2356. 9297. Привлечь к ответственности педагогического работника за не исполнение/недобросовестное исполнение служебных обязанностей,,24,168,Вне зависимости от сезона,
1,3094,2356. 9290. Разрешить конфликтную ситуацию  ученик/педагог,,24,96,Вне зависимости от сезона,
1,3094,2356. 9295. Разрешить конфликтную ситуацию  родитель/педагог,,24,96,Вне зависимости от сезона,
1,3094,2356. 9291. Привлечь к ответственности технический персонал за не исполнение/недобросовестное исполнение служебных обязанностей,,24,168,Вне зависимости от сезона,
1,3094,2356. 9298. Разрешить конфликтную ситуацию ученик/ученик,,24,96,Вне зависимости от сезона,
1,3094,2356. 9293. Разрешить конфликтную ситуацию сотрудник/администрация,,24,96,Вне зависимости от сезона,
1,3094,2356. 9294. Привлечь директора к ответственности за не исполнение/недобросовестное исполнение служебных обязанностей,,24,168,Вне зависимости от сезона,
1,3094,2356. 9292. Разрешить конфликтную ситуацию  директор/педагог,,24,96,Вне зависимости от сезона,
1,3094,"2357. 9299. Проверить правомерность использования средств бюджета Московской области, выделенных на частичную компенсацию стоимости питания",,24,168,Вне зависимости от сезона,
1,3094,2357. 9300. Устранить нарушения в организации питания,,24,168,Вне зависимости от сезона,
1,3094,2357. 9302. Проверить соблюдение СаНПиН в пищеблоке,,24,168,Вне зависимости от сезона,
1,3094,2357. 9301. Разъяснить порядок частичной компенсации стоимости питания отдельным категориям обучающихся в муниципальных школах за счет средс,,24,96,Вне зависимости от сезона,
1,3094,2357. 9303. Проверить качество продуктов питания,,24,168,Вне зависимости от сезона,
1,3094,2358. 9306. Разъяснить порядок ликвидации образовательных организации.,,24,96,Вне зависимости от сезона,
1,3094,2358. 9307. Разъяснить порядок предоставления лицензии на осуществление образовательной деятельности,,24,96,Вне зависимости от сезона,
1,3094,2358. 9304. Разъяснить порядок создания образовательных организации.,,24,96,Вне зависимости от сезона,
1,3094,2358. 9305. Проверить соблюдение лицензионных требований,,24,192,Вне зависимости от сезона,
1,3094,2358. 9308. Разъяснить порядок реорганизации образовательных организации.,,24,96,Вне зависимости от сезона,
1,3094,2359. 9317. Разъяснить возможности ЕАИС ОКО для родителей,,24,96,Вне зависимости от сезона,
1,3094,2359. 9323. Разъяснить возможности ЕАИС ОКО для учеников,,24,96,Вне зависимости от сезона,
1,3094,2359. 9318. Разъяснить возможности ЕАИС ОКО для преподавателей,,24,96,Вне зависимости от сезона,
1,3094,2359. 9321. Принять меры в связи с нарушением порядка проведения ЕГЭ,,24,168,Вне зависимости от сезона,
1,3094,2359. 9320. Разъяснить порядок признания ОВЗ у учащегося общеобразовательного учреждения,,24,96,Вне зависимости от сезона,
1,3094,"2359. 9313. Разъяснить порядок проведения оценочных процедур качества образования (РДР, ВПР и пр.)",,24,96,Вне зависимости от сезона,
1,3094,2359. 9309. Разъяснить порядок проведения итогового сочинения (изложения),,24,96,Вне зависимости от сезона,
1,3094,"2359. 9322. Проинформировать о порядке подачи и рассмотрения апелляций (несогласия) по результатам ОГЭ,ЕГЭ, ГИА, итогового собеседования, ит",,24,96,Вне зависимости от сезона,
1,3094,"2359. 9314. Разъяснить порядок выплаты компенсации (единовременной выплаты) педагогам и работникам, привлекаемым к подготовке и проведению Г",,24,96,Вне зависимости от сезона,
1,3094,"2359. 9319. Изменить перечень предметов для сдачи ОГЭ,ЕГЭ,ГИА",,24,96,Вне зависимости от сезона,
1,3094,2359. 9316. Принять меры в связи с нарушением порядка проведения ГВЭ,,24,96,Вне зависимости от сезона,
1,3094,"2359. 9315. Проинформировать о местах и сроках  ознакомления с результатами ОГЭ,ЕГЭ,ГИА, итогового собеседования, итогового сочинения (излож",,24,96,Вне зависимости от сезона,
1,3094,2359. 9324. Принять меры в связи с нарушением  порядка проведения ОГЭ,,24,192,Вне зависимости от сезона,
1,3094,2359. 9310. Разъяснить порядок проведения  итогового собеседования,,24,96,Вне зависимости от сезона,
1,3094,"2359. 9312. Разъяснить порядок проведения ОГЭ,ЕГЭ, ГИА, итогового собеседования, итогового сочинения (изложения)",,24,96,Вне зависимости от сезона,
1,3094,"2359. 9311. Разъяснить сроки и места  подачи заявления на прохождение ОГЭ,ЕГЭ, ГИА, итогового собеседования, итогового сочинения (изложения)",,24,96,Вне зависимости от сезона,
1,3094,2360. 9325. Проверить  законность предоставления платных услуг,,24,168,Вне зависимости от сезона,
1,3094,2361. 9326. Проверить законность сбора денег в учреждении,,24,168,Вне зависимости от сезона,
1,3094,2362. 9331. Разъяснить  порядок трудоустройства в учреждение образования,,24,96,Вне зависимости от сезона,
1,3094,2362. 9330. Разъяснить порядок участия в социальной ипотеке,,24,96,Вне зависимости от сезона,
1,3094,2362. 9328. Разъяснить порядок  социальной поддержки молодых педагогов,,24,168,Вне зависимости от сезона,
1,3094,2362. 9327. Разъяснить порядок аттестации руководителей и педагогических кадров,,24,96,Вне зависимости от сезона,
1,3094,2362. 9329. Оказать содействие о награждении работников образования,,24,96,Вне зависимости от сезона,
1,3094,2362. 9332. Разъяснить порядок трудоустройства руководителей государственных образовательных организаций,,24,96,Вне зависимости от сезона,
1,3094,2363. 9339. Обеспечить капитальный ремонт функционирующих детских садов,,24,192,Вне зависимости от сезона,
1,3094,2363. 9341. Отремонтировать помещения учреждения,,24,168,Вне зависимости от сезона,
1,3094,2363. 9333. Восстановить работоспособность систем канализации,,24,168,Вне зависимости от сезона,
1,3094,2363. 9340. Отремонтировать/покрасить ограждения территории учреждения,,24,192,Вне зависимости от сезона,
1,3094,2363. 9334. Отремонтировать спортивный стадион,,24,192,Вне зависимости от сезона,
1,3094,2363. 9336. Восстановить работоспособность систем водоснабжения,,24,168,Вне зависимости от сезона,
1,3094,2363. 9338. Отремонтировать дорожки на территории школы,,24,192,Вне зависимости от сезона,
1,3094,2363. 9335. Отремонтировать здание учреждения,,24,168,Вне зависимости от сезона,
1,3094,2363. 9337. Восстановить работоспособность систем электроснабжения,,24,168,Вне зависимости от сезона,
1,3094,2364. 9343. Кронировать  и удалить сухостойные/аварийные  деревья,,24,168,Вне зависимости от сезона,
1,3094,2364. 9342. Восстанновить уличное освещение территории,,24,168,Вне зависимости от сезона,
1,3094,"2364. 9345. Очистить территорию от листьев, мусора",,24,168,Вне зависимости от сезона,
1,3094,"2364. 9344. Очистить территорию учреждения от льда, снега",,24,168,Зимний период,
1,3094,2365. 9351. Обустроить места для переодевания детей,,24,168,Вне зависимости от сезона,
1,3094,2365. 9350. Отремонтировать мебель/учебное оброрудование,,24,168,Вне зависимости от сезона,
1,3094,2365. 9346. Организовать питьевой режим,,24,168,Вне зависимости от сезона,
1,3094,2365. 9348. Проверить соблюдение СаНПиН в помещениях,,24,168,Вне зависимости от сезона,
1,3094,2365. 9349. Обеспечить надлежащий тепловой режим в помещениях,,24,168,Вне зависимости от сезона,
1,3094,2365. 9347. Поставить  мебель/оборудование в учебных классах,,24,168,Вне зависимости от сезона,
1,3094,2366. 9353. Изменить маршрут следования школьного автобуса,,24,96,Вне зависимости от сезона,
1,3094,2366. 9352. Внести измененние в расписание школьного автобуса,,24,96,Вне зависимости от сезона,
1,3094,2366. 9354. Организовать новый маршрут  следования школьного автобуса,,24,96,Вне зависимости от сезона,
1,3094,2367. 9361. Принять меры в связи с несчастным случаем,,24,168,Вне зависимости от сезона,
1,3094,2367. 9362. Организовать пост охраны,,24,168,Вне зависимости от сезона,
1,3094,2367. 9359. Принять меры в связи с отсутствием охраны на посту,,24,168,Вне зависимости от сезона,
1,3094,"2367. 9355. Очистить кровлю от сосулек, снега/убрать наледь",,24,168,Вне зависимости от сезона,
1,3094,2367. 9363. Установить видеонаблюдение,,24,168,Вне зависимости от сезона,
1,3094,2367. 9358. Отремонтировать систему видеонаблюдения,,24,168,Вне зависимости от сезона,
1,3094,2367. 9357. Применить меры к сотруднику охраны   (за не исполнение/недобросовестное исполнение служебных обязанностей),,24,168,Вне зависимости от сезона,
1,3094,2367. 9360. Отловить безнадзорных собак на территории,,24,96,Вне зависимости от сезона,
1,3094,2367. 9356. Проверить наличие договора на охранную деятельность,,24,96,Вне зависимости от сезона,
1,3094,2367. 9364. Обеспечить безопастное использование  и содержание МАФов ворота/качели/горки,,24,168,Вне зависимости от сезона,
1,3094,"2368. 9366. Построить плоскостное спортивное сооружение ( стадион, спортивная площадка, хоккейная коробка, футбольное поле)",,24,96,Вне зависимости от сезона,
1,3094,2368. 9365. Построить новую школу,,24,96,Вне зависимости от сезона,
1,3094,2369. 9368. Скорректировать недостоверную/ неполную информацию на сайте ОО,,24,168,Вне зависимости от сезона,
1,3094,2369. 9367. Проверить работоспасобность сайта ОО,,24,192,Вне зависимости от сезона,
1,3094,"2370. 9370. Разъяснить порядок выплаты заработной платы учебно-вспомогательного персонала (вожатый, дежурный по режиму, секретарь учебной ча",,24,96,Вне зависимости от сезона,
1,3094,"2370. 9372. Разъяснить порядок определение размера выплаты заработной платы педагогическим работникам школ, в том числе учителям",,24,96,Вне зависимости от сезона,
1,3094,2370. 9373. Разъяснить порядок выплаты заработной платы младшего обслуживающего персонала (повара и др),,24,96,Вне зависимости от сезона,
1,3094,"2370. 9371. Проверить факты нарушений выплаты заработной платы, в том числе доплат,  надбавок и выплат стимулирующего характера",,24,168,Вне зависимости от сезона,
1,3094,"2370. 9369. Разъяснить порядок выплаты заработной платы административно-управленческому персоналу (директорам, заместителям и др.)",,24,96,Вне зависимости от сезона,
1,3095,2385. 9443. Принять меры по восстановлению водоснабжения в МКД,,24,192,Вне зависимости от сезона,Да
1,3095,2385. 9444. Устранить недостаточное давление воды в МКД,,24,192,Вне зависимости от сезона,Да
1,3096,2386. 9445. Установить контейнерную площадку,,24,192,Вне зависимости от сезона,
1,3097,"2387. 9452. Привлечь к ответственности за непринятие мер по удалению усохших или поврежденных деревьев, представляющих угрозу для безопаснос",,24,192,Вне зависимости от сезона,
1,3097,"2387. 9453. Привлечь к ответственности за выполнение земляных работ на газонах, зеленых насаждениях в отсутствие ордера",,24,192,Вне зависимости от сезона,
1,3097,"2387. 9446. Привлечь за ненадлежащее содержание газонов, зеленых насаждений (окос травы, уборка скошенной травы)",,24,192,Летний период,
1,3097,2387. 9448. Привлечь к ответственности за  отсутствие ограждения и освещения места производства земляных работ,,24,192,Вне зависимости от сезона,
1,3097,"2387. 9457. Привлечь к ответственности за повреждение деревьев, кустарников, газонов и цветников, за самовольную вырубку деревьев, кустарник",,24,192,Вне зависимости от сезона,
1,3097,"2387. 9451. Привлечь к ответственности за мойку транспортных средств (слив топлива, масел) на газонах, зеленых насаждениях",,24,192,Вне зависимости от сезона,
1,3097,"2387. 9449. Привлечь к ответственности за сжигание листвы, травы, частей деревьев, растительных остатков, мусора на газонах, зеленых насажде",,24,192,Вне зависимости от сезона,
1,3097,"2387. 9450. Привлечь к ответственности за отсутствие уборки мусора с газонов, зеленых насаждений",,24,192,Вне зависимости от сезона,
1,3097,"2387. 9454. Привлечь к ответственности за складирование загрязненного снега на газонах, зеленых насаждениях",,24,192,Вне зависимости от сезона,
1,3097,"2387. 9456. Привлечь к ответственности за наличие свалки, навала мусора на газонах, зеленых насаждениях",,24,192,Вне зависимости от сезона,
1,3097,2387. 9447. Привлечь к ответственности за невосстановление благоустройства после проведения земляных работ,,24,192,Вне зависимости от сезона,
1,3097,"2387. 9455. Привлечь к ответственности за складирование (хранение) строительных материалов (изделий, оборудования, машин и механизмов) на га",,24,192,Вне зависимости от сезона,
1,3097,"2388. 9465. Привлечь к ответственности за размещение транспортных средств, в том числе брошенных и (или) разукомплектованных, на газонах, уч",,24,192,Вне зависимости от сезона,
1,3097,"2455. 9461. Очистить  от загрязненного снега  газоны, зеленые насаждения",,24,72,Вне зависимости от сезона,
1,3097,"2455. 9463. Провести окос травы, убрать скошенную траву",,24,72,Вне зависимости от сезона,
1,3097,"2455. 9464. Провести уборку  газонов, зеленых насаждений от мусора",,24,72,Вне зависимости от сезона,
1,3097,2455. 9458. Восстановить благоустройство территории после проведения земляных работ,,24,192,Вне зависимости от сезона,
1,3097,"2455. 9462. Устранить свалку или навал мусора на газонах, зеленых насаждениях",,24,192,Вне зависимости от сезона,
1,3097,2455. 9460. Установить ограждение и освещение места производства земляных работ,,24,72,Вне зависимости от сезона,
1,3097,2455. 9459. Провести  удаление (опиловку) аварийных деревьев и кустарников,,24,192,Вне зависимости от сезона,
1,3098,"2396. 9497. Вернуть государственную пошлину, уплаченную за лицензию на медицинскую деятельность",,24,96,Вне зависимости от сезона,
1,3098,"2396. 9498. Вернуть государственную пошлину, уплаченную за лицензию на оборот наркотическими средствами",,24,96,Вне зависимости от сезона,
1,3098,"2396. 9496. Предоставить информацию о том, как вернуть государственную пошлину",,24,96,Вне зависимости от сезона,
1,3098,2397. 9499. Предоставить информацию о ранее выданной лицензии на оборот наркотических средств.,,24,96,Вне зависимости от сезона,
1,3098,2397. 9501. Предоставить информацию о ранее выданной лицензии на медицинскую деятельность,,24,96,Вне зависимости от сезона,
1,3098,2397. 9500. Предоставить информацию о ранее выданной лицензии на фармацевтическую  деятельность,,24,96,Вне зависимости от сезона,
1,3098,2398. 9502. Предоставить информацию о необходимости продления/переоформления лицензии,,24,96,Вне зависимости от сезона,
1,3098,2398. 9504. Предоставить информацию о порядке предоставления лицензии на оборот наркотических средств,,24,96,Вне зависимости от сезона,
1,3098,2398. 9503. Предоставить информацию о порядке предоставления лицензии на медицинскую деятельность,,24,96,Вне зависимости от сезона,
1,3098,2398. 9505. Предоставить информацию о порядке предоставления лицензии на фармацевтическую деятельность,,24,96,Вне зависимости от сезона,
1,3098,2399. 9507. Предоставить информацию о требованиях по подготовке специалистов по конкретным видам работ/услуг,,24,96,Вне зависимости от сезона,
1,3098,2399. 9508. Предоставить информацию о порядке осуществления конкретных видов работ/услуг,,24,96,Вне зависимости от сезона,
1,3098,2399. 9506. Предоставить информацию о требованиях при наличии оборудования по конкретным видам работ/услуг,,24,96,Вне зависимости от сезона,
1,3099,"2400. 9510. Убрать грязь, мусор в салоне",,24,192,Вне зависимости от сезона,
1,3099,2400. 9511. Отрегулировать температурный режим в салоне,,24,192,Вне зависимости от сезона,
1,3099,2400. 9509. Оборудовать транспортное средство для доступа маломобильных групп населения,,24,192,Вне зависимости от сезона,
1,3099,2400. 9512. Повысить уровень комфорта в салоне,,24,192,Вне зависимости от сезона,
1,3099,2401. 9514. Обеспечить работу валидаторов,,24,192,Вне зависимости от сезона,
1,3099,2401. 9515. Устранить техническую неисправность транспортного средства,,24,192,Вне зависимости от сезона,
1,3099,2401. 9513. Привести транспортное средство в надлежащий внешний вид,,24,192,Вне зависимости от сезона,
1,3099,2402. 9517. Обеспечить соблюдение правил поведения водительского и кондукторского состава,,24,192,Вне зависимости от сезона,
1,3099,2402. 9516. Привлечь водителя к ответственности за нарушение правил дорожного движения,,24,192,Вне зависимости от сезона,
1,3099,2403. 9518. Обеспечить предоставление  размена купюр при оплате,,24,96,Вне зависимости от сезона,
1,3099,2403. 9519. Обеспечить выдачу билетов при проезде,,24,192,Вне зависимости от сезона,
1,3100,2404. 9520. Организовать паромную переправу,,24,192,Вне зависимости от сезона,
1,3100,2404. 9524. Установить оборудование для доступа маломобильных групп населения,,24,192,Вне зависимости от сезона,
1,3100,2404. 9521. Добавить новый маршрут,,24,192,Вне зависимости от сезона,
1,3100,2404. 9522. Разместить расписание водного транспорта,,24,192,Вне зависимости от сезона,
1,3100,2404. 9523. Разъяснить порядок предоставления льгот,,24,192,Вне зависимости от сезона,
1,3100,2405. 9525. Измененить схему воздушного движения,,24,192,Вне зависимости от сезона,
1,3101,2406. 9533. Устранить ошибку в квитанции в части начисления взносов на капитальный ремонт.,,24,192,Вне зависимости от сезона,
1,3101,2406. 9531. Провести перерасчет платы за некачественно оказанные коммунальные услуги,,24,192,Вне зависимости от сезона,
1,3101,2406. 9532. Провести перерасчет платы за некачественно оказанные жилищные услуги,,24,192,Вне зависимости от сезона,
1,3101,2406. 9526. Разъяснить основания взимания комиссионного вознаграждения,,24,96,Вне зависимости от сезона,
1,3101,2406. 9534. Обеспечить проведение мероприятий по розыску платежа,,24,96,Вне зависимости от сезона,
1,3101,"2406. 9530. Устранить ошибку в квитанции в части объемов оказанных услуг по горячему, холодному водоснабжению или электроснабжению на общедо",,24,192,Вне зависимости от сезона,
1,3101,2406. 9536. Устранить ошибку в квитанции части расчета долга за жилищно-коммунальные услуги.,,24,192,Вне зависимости от сезона,
1,3101,2406. 9528. Исключить из квитанции плату за услугу.,,24,192,Вне зависимости от сезона,
1,3101,"2406. 9535. Устранить ошибку в квитанции в части объемов оказанной коммунальной услуги ""отопление""",,24,192,Вне зависимости от сезона,
1,3101,"2406. 9538. Устранить ошибку в ЕПД в начислении платы по услугам водо-, электро-, газоснабжения, потребленных в жилом помещении.",,24,192,Вне зависимости от сезона,
1,3101,2406. 9527. Разъяснить порядок определения кода валюты в расчетном счете,,24,96,Вне зависимости от сезона,
1,3101,2406. 9537. Разъяснить порядок использования специального банковского счета,,24,96,Вне зависимости от сезона,
1,3101,"2406. 9529. Устранить ошибку в части отражения сведений в ЕПД (ФИО, адрес, тип жилья, количество проживающих, площадь помещений)",,24,192,Вне зависимости от сезона,
1,3102,2407. 9539. Предоставить информацию о сайте медицинского учреждения,,24,96,Вне зависимости от сезона,
1,3102,2408. 9540. Рассмотреть предложения по созданию/доработке электронных медицинских сервисов,,24,96,Вне зависимости от сезона,
1,3102,2409. 9546. Принять меры в связи с некорректным отображением участкового врача,,24,96,Вне зависимости от сезона,
1,3102,2409. 9550. Принять меры в связи с отсутствием участкового врача в личном кабинете,,24,96,Вне зависимости от сезона,
1,3102,2409. 9547. Принять меры в связи с отсутствием возможности вызова врача на дом,,24,96,Вне зависимости от сезона,
1,3102,2409. 9542. Принять меры в связи с некорректным отображением расписания врачей,,24,96,Вне зависимости от сезона,
1,3102,"2409. 9549. Предоставить информацию, которая не найдена на портале",,24,96,Вне зависимости от сезона,
1,3102,2409. 9545. Принять меры в связи с невозможностью записи в лист ожидания,,24,96,Вне зависимости от сезона,
1,3102,2409. 9541. Принять меры в связи с некорректным отображением прикрепления к медицинской организации,,24,96,Вне зависимости от сезона,
1,3102,2409. 9544. Принять меры в связи с отсутствием информации о прикреплении заявителя к медицинской организации,,24,96,Вне зависимости от сезона,
1,3102,2409. 9548. Принять меры в связи с поступающими электронными письмами о записи на прием,,24,96,Вне зависимости от сезона,
1,3102,2409. 9543. Принять меры в связи с неработоспособностью портала государственных и муниципальных услуг Московской области,,24,96,Вне зависимости от сезона,
1,3102,2409. 9551. Принять меры в связи с удалением записей к врачу,,24,96,Вне зависимости от сезона,
1,3102,"2409. 9552. Исправить ошибку, возникающую при вводе номера полиса ОМС",,24,96,Вне зависимости от сезона,
1,3102,2410. 9553. Принять меры в связи с некорректно предоставленной информацией оператором,,24,96,Вне зависимости от сезона,
1,3102,2410. 9554. Обеспечить работоспособность телефонной линии кол-центра,,24,96,Вне зависимости от сезона,
1,3102,2410. 9555. Принять меры в связи с некорректным поведением оператора,,24,96,Вне зависимости от сезона,
1,3102,2410. 9557. Принять меры в связи с отказом в оказании услуги оператором Кол-центра,,24,96,Вне зависимости от сезона,
1,3102,2410. 9556. Принять меры в связи с долгим ожиданием ответа оператора,,24,96,Вне зависимости от сезона,
1,3102,2411. 9559. Установить новый инфомат,,24,96,Вне зависимости от сезона,
1,3102,2411. 9558. Отремонтировать инфомат,,24,96,Вне зависимости от сезона,
1,3103,2412. 9563. Оказать содействие в получении рецепта на расходные материалы для введения лекарств (взр. нас.),,24,96,Вне зависимости от сезона,
1,3103,"2412. 9564. Оказать содействие в получении рецепта на лекарства (не льготные, платные) (взр. нас.)",,24,96,Вне зависимости от сезона,
1,3103,"2412. 9562. Оказать содействие в получении рецепта на лекарства (не льготные, платные) (дет. нас.)",,24,96,Вне зависимости от сезона,
1,3103,"2412. 9560. Оказать содействие в получении рецепта на лекарства (льготные, сильнодействующие, платные) (взр. нас.)",,24,96,Вне зависимости от сезона,
1,3103,"2412. 9565. Оказать содействие в получении рецепта на лекарства (льготные, бесплатные) (дет. нас.)",,24,96,Вне зависимости от сезона,
1,3103,"2412. 9567. Оказать содействие в получении рецепта на лекарства (льготные, сильнодействующие, платные) (дет. нас.)",,24,96,Вне зависимости от сезона,
1,3103,2412. 9566. Оказать содействие в получении рецепта на расходные материалы для введения лекарств (дет. нас.),,24,96,Вне зависимости от сезона,
1,3103,"2412. 9561. Оказать содействие в получении рецепта на лекарства (льготные, бесплатные) (взр. нас.)",,24,96,Вне зависимости от сезона,
1,3103,"2413. 9570. Предоставить информацию про лекарства (не льготные, платные)",,24,96,Вне зависимости от сезона,
1,3103,"2413. 9569. Предоставить информацию про лекарства (льготные, сильнодействующие, платные)",,24,96,Вне зависимости от сезона,
1,3103,"2413. 9571. Предоставить информацию о том какие пациенту положены лекарства (льготные, бесплатные)",,24,96,Вне зависимости от сезона,
1,3103,2413. 9573. Предоставить информацию про расходные материалы для введения лекарств,,24,96,Вне зависимости от сезона,
1,3103,2413. 9568. Предоставить информацию о том какие пациенту положены расходные материалы для введения лекарств,,24,96,Вне зависимости от сезона,
1,3103,"2413. 9575. Предоставить информацию о том какие пациенту положены лекарства (не льготные, платные)",,24,96,Вне зависимости от сезона,
1,3103,"2413. 9572. Предоставить информацию про лекарства (льготные, бесплатные)",,24,96,Вне зависимости от сезона,
1,3103,"2413. 9574. Предоставить информацию о том какие пациенту положены лекарства (льготные, сильнодействующие, платные)",,24,96,Вне зависимости от сезона,
1,3103,"2414. 9586. Оказать содействие в выдаче лекарства с надлежащим сроком годности (льготные, бесплатные)",,24,96,Вне зависимости от сезона,
1,3103,"2414. 9576. Предоставить информацию как жителям других регионов получить лекарства (льготные, сильнодействующие, платные)",,24,96,Вне зависимости от сезона,
1,3103,2414. 9590. Оказать содействие в выдаче расходные материалы с надлежащим сроком годности,,24,96,Вне зависимости от сезона,
1,3103,"2414. 9582. Оказать содействие в выдаче лекарства с надлежащим сроком годности (не льготные, платные)",,24,96,Вне зависимости от сезона,
1,3103,"2414. 9583. Оказать содействие в выдаче лекарства (льготные, сильнодействующие, платные) (взр. нас.)",,24,96,Вне зависимости от сезона,
1,3103,2414. 9581. Провести проверку факта необоснованного требования покупки лекарств за счет пациента,,24,96,Вне зависимости от сезона,
1,3103,2414. 9584. Оказать содействие в выдаче расходные материалы для введения лекарств (дет. нас.),,24,96,Вне зависимости от сезона,
1,3103,"2414. 9592. Провести проверку факта завышения цены на лекарства (не льготные, платные)",,24,96,Вне зависимости от сезона,
1,3103,"2414. 9578. Оказать содействие в выдаче лекарства (не льготные, платные) (взр. нас.)",,24,96,Вне зависимости от сезона,
1,3103,"2414. 9589. Оказать содействие в выдаче лекарства (льготные, сильнодействующие, платные) (дет. нас.)",,24,96,Вне зависимости от сезона,
1,3103,"2414. 9591. Предоставить информацию как жителям других регионов получить лекарства (льготные, бесплатные)",,24,96,Вне зависимости от сезона,
1,3103,"2414. 9587. Оказать содействие в выдаче лекарства (не льготные, платные) (дет. нас.)",,24,96,Вне зависимости от сезона,
1,3103,2414. 9579. Предоставить информацию как жителям других регионов получить расходные материалы для введения лекарств,,24,96,Вне зависимости от сезона,
1,3103,"2414. 9588. Оказать содействие в выдаче лекарства (льготные, бесплатные) (взр. нас.)",,24,96,Вне зависимости от сезона,
1,3103,2414. 9585. Оказать содействие в выдаче расходные материалы для введения лекарств (взр. нас.),,24,96,Вне зависимости от сезона,
1,3103,"2414. 9577. Оказать содействие в выдаче лекарства (льготные, бесплатные) (дет. нас.)",,24,96,Вне зависимости от сезона,
1,3103,2414. 9580. Провести проверку факта отсутствия лекарств в стационаре,,24,96,Вне зависимости от сезона,
1,3103,"2415. 9593. Вернуть денежные средства за лекарства (льготные, бесплатные)",,24,96,Вне зависимости от сезона,
1,3103,"2415. 9594. Вернуть денежные средства за лекарства (льготные, сильнодействующие, платные)",,24,96,Вне зависимости от сезона,
1,3103,2415. 9595. Вернуть денежные средства за расходные материалы для введения лекарств,,24,96,Вне зависимости от сезона,
1,3104,2416. 9596. Рассмотреть предложения по развитию медицинской помощи,,24,96,Вне зависимости от сезона,
1,3104,2417. Медицинская документация (Раменское),,,,Вне зависимости от сезона,
1,3104,2417. 9599. Принять меры в связи с утерей медицинской карты,,24,96,Вне зависимости от сезона,
1,3104,2417. 9597. Принять меры в связи с наличием проблем с получением больничного листа,,24,96,Вне зависимости от сезона,
1,3104,2417. 9598. Принять меры в связи с невыдачей выписки из медицинской карты,,24,96,Вне зависимости от сезона,
1,3104,2417. 9600. Принять меры в связи с порчей медицинской карты,,24,96,Вне зависимости от сезона,
1,3104,2417. 9601. Принять меры в связи с невыдачей заключения на руки,,24,96,Вне зависимости от сезона,
1,3104,2418. 9616. Принять меры в связи с длительным ожиданием в очереди на прием к врачу(жен.консульт.),,24,96,Вне зависимости от сезона,
1,3104,2418. 9618. Провести патронаж(дет.нас.),,24,96,Вне зависимости от сезона,
1,3104,2418. 9613. Проверить факт отказа в проведении вакцинации(дет.нас.),,24,96,Вне зависимости от сезона,
1,3104,2418. 9615. Оказать экстренную и неотложную помощь(жен.консульт.),,24,96,Вне зависимости от сезона,
1,3104,2418. 9617. Сменить врача(взр.нас.),,24,96,Вне зависимости от сезона,
1,3104,2418. 9614. Принять меры в связи с отсутствием врача на приеме(жен.консульт.),,24,96,Вне зависимости от сезона,
1,3104,2418. 9607. Принять меры в связи с длительным ожиданием в очереди на прием к врачу(дет.нас.),,24,96,Вне зависимости от сезона,
1,3104,2418. 9604. Принять меры в связи с длительным ожиданием в очереди на прием к врачу (взр.нас.),,24,96,Вне зависимости от сезона,
1,3104,2418. 9612. Принять меры в связи с отказом в оказании плановой медицинской помощи(взр.нас.),,24,96,Вне зависимости от сезона,
1,3104,2418. 9610. Принять меры в связи с отсутствием врача на приеме(взр.нас.),,24,96,Вне зависимости от сезона,
1,3104,2418. 9605. Сменить врача(дет.нас.),,24,96,Вне зависимости от сезона,
1,3104,2418. 9608. Принять меры в связи с отказом в оказании плановой медицинской помощи(дет.нас.),,24,96,Вне зависимости от сезона,
1,3104,2418. 9603. Оказать экстренную и неотложную помощь(взр.нас.),,24,96,Вне зависимости от сезона,
1,3104,2418. 9606. Сменить врача(жен.консульт.),,24,96,Вне зависимости от сезона,
1,3104,2418. 9611. Принять меры в связи с отсутствием врача на приеме(дет.нас.),,24,96,Вне зависимости от сезона,
1,3104,2418. 9602. Оказать экстренную и неотложную помощь(дет.нас.),,24,96,Вне зависимости от сезона,
1,3104,2418. 9609. Принять меры в связи с отказом в оказании плановой медицинской помощи(жен.консульт.),,24,96,Вне зависимости от сезона,
1,3104,2419. 9623. Провести вакцинацию другой/импортной вакциной(дет.нас.),,24,96,Вне зависимости от сезона,
1,3104,2419. 9620. Разъяснить причину отсутствия вакцины(взр.нас.),,24,96,Вне зависимости от сезона,
1,3104,2419. 9624. Провести вакцинацию другой/импортной вакциной(взр.нас.),,24,96,Вне зависимости от сезона,
1,3104,2419. 9621. Проверить факт отказа в проведении вакцинации(взр.нас.),,24,96,Вне зависимости от сезона,
1,3104,2419. 9622. Предоставить информацию о проведении вакцинации,,24,96,Вне зависимости от сезона,
1,3104,2419. 9619. Разъяснить причину отсутствия вакцины(дет.нас.),,24,96,Вне зависимости от сезона,
1,3104,2420. 9628. Направить перечень специалистов с открытой записью,,24,96,Вне зависимости от сезона,
1,3104,2420. 9625. Разъяснить порядок записи к узким специалистам,,24,96,Вне зависимости от сезона,
1,3104,2420. 9627. Разъяснить порядок записи к врачу,,24,96,Вне зависимости от сезона,
1,3104,2420. 9626. Разъяснить информацию о получении статуса инвалида,,24,96,Вне зависимости от сезона,
1,3104,2421. 9631. Провести проверку в связи с некачественным оказанием медицинской помощи,,24,96,Вне зависимости от сезона,
1,3104,2421. 9629. Разъяснить причину отказа в предоставлении медицинской услуги,,24,96,Вне зависимости от сезона,
1,3104,2421. 9632. Принять меры в связи с нарушением техники забора крови,,24,96,Вне зависимости от сезона,
1,3104,2421. 9630. Принять меры по соблюдению санитарных норм при оказании медицинской помощи,,24,96,Вне зависимости от сезона,
1,3104,2422. 9635. Принять меры в связи с отказом в прикреплении(взр.нас),,24,96,Вне зависимости от сезона,
1,3104,2422. 9633. Принять меры в связи с отказом в прикреплении(дет.нас),,24,96,Вне зависимости от сезона,
1,3104,2422. 9634. Принять меры в связи с отказом в прикреплении(жен.консульт.),,24,96,Вне зависимости от сезона,
1,3104,2423. 9639. Проверить факт удаления записи из листа ожидания,,24,96,Вне зависимости от сезона,
1,3104,2423. 9638. Проверить факт необработки листа ожидания,,24,96,Вне зависимости от сезона,
1,3104,2423. 9637. Принять меры в связи с записью к врачу из листа ожидания без уведомления пациента,,24,96,Вне зависимости от сезона,
1,3104,"2423. 9636. Предоставить информацию о том, как стать донором крови/плазмы",,24,96,Вне зависимости от сезона,
1,3104,2424. 9640. Предоставить информацию о привилегиях донорам,,24,96,Вне зависимости от сезона,
1,3104,2424. 9641. Предоставить информацию о пунктах сдачи крови,,24,96,Вне зависимости от сезона,
1,3104,2424. 9642. Разъяснить порядок проведения процедуры забора крови у донора,,24,96,Вне зависимости от сезона,
1,3104,2425. 9645. Принять меры в связи с отсутствием лекарственных и расходных материалов у выездной бригады,,24,96,Вне зависимости от сезона,
1,3104,2425. 9644. Принять меры в связи с некорректным поведением диспетчеров,,24,96,Вне зависимости от сезона,
1,3104,2425. 9647. Принять меры в связи с некачественным оказанием медицинской помощи выездной бригадой,,24,96,Вне зависимости от сезона,
1,3104,2425. 9646. Разъяснить порядок вызова врача на дом,,24,96,Вне зависимости от сезона,
1,3104,2425. 9643. Принять меры в связи с длительным ожиданием бригады скорой помощи,,24,96,Вне зависимости от сезона,
1,3104,2426. 9648. Принять меры в связи с неявкой врача при вызове на дом,,24,96,Вне зависимости от сезона,
1,3104,2427. 9652. Принять меры в связи с выдачей некачественного детского питания,,24,96,Вне зависимости от сезона,
1,3104,2427. 9654. Рассмотреть предложения по расширению ассортимента детского питания,,24,96,Вне зависимости от сезона,
1,3104,2427. 9651. Рассмотреть предложения по открытию новых пунктов выдачи молочной кухни,,24,96,Вне зависимости от сезона,
1,3104,2427. 9655. Направить информацию о режиме работы пункта выдачи молочной кухни,,24,96,Вне зависимости от сезона,
1,3104,2427. 9657. Принять меры в связи с невыпиской рецепта на детское питание,,24,96,Вне зависимости от сезона,
1,3104,2427. 9653. Разъяснить причины закрытия/нарушения графика работы пункта выдачи молочной кухни,,24,96,Вне зависимости от сезона,
1,3104,2427. 9656. Принять меры в связи с невыдачей детского питания,,24,96,Вне зависимости от сезона,
1,3104,2427. 9650. Принять меры в связи с выдачей неполного комплекта детского питания,,24,96,Вне зависимости от сезона,
1,3104,2427. 9649. Рассмотреть предложения по изменению времени работы пункта выдачи молочной кухни,,24,96,Вне зависимости от сезона,
1,3105,2428. 9661. Устранить очереди в офисе ЕИРЦ,,24,192,Вне зависимости от сезона,
1,3105,2428. 9660. Провести ремонтные работы в офисе ЕИРЦ,,24,192,Вне зависимости от сезона,
1,3105,2428. 9659. Изменить график работы офиса ЕИРЦ,,24,192,Вне зависимости от сезона,
1,3105,"2428. 9658. Обеспечить размещение платежного терминала, кассы для оплаты ЖКУ",,24,192,Вне зависимости от сезона,
1,3105,2429. 9662. Принять меры в связи с некорректным поведением сотрудника ЕИРЦ,,24,192,Вне зависимости от сезона,
1,3105,2430. 9663. Принять меры в связи с недоставкой ЕПД,,24,192,Вне зависимости от сезона,
1,3105,"2430. 9665. Принять меры в связи с некачественной доставкой ЕПД (раскрытые ЕПД, брошены в подъезде и т.д)",,24,192,Вне зависимости от сезона,
1,3105,2430. 9664. Принять меры в связи с несвоевременной доставкой ЕПД,,24,192,Вне зависимости от сезона,
1,3105,2431. 9666. Принять меры в связи с предоставлением некачественной информации специалистами Контактного центра,,72,192,Вне зависимости от сезона,
1,3105,2431. 9667. Обеспечить доступность телефонной линии Контактного центра (КЦ),,72,192,Вне зависимости от сезона,
1,3105,2432. 9670. Восстановить работоспособность сервисов по оплате в ЛКК,,72,192,Вне зависимости от сезона,
1,3105,2432. 9668. Восстановить работоспособность сервисов по регистрации в ЛКК,,72,192,Вне зависимости от сезона,
1,3105,2432. 9669. Восстановить работоспособность сервисов по приему показаний приборов учета,,72,192,Вне зависимости от сезона,
1,3105,2433. 9671. Разъяснть порядок замены/поверки индивидуальных  приборов учета,,24,96,Вне зависимости от сезона,
1,3105,2433. 9672. Разъяснить правомерность деятельности ЕИРЦ,,24,96,Вне зависимости от сезона,
1,3105,2433. 9673. Разъяснить порядок разделения лицевых счетов,,24,96,Вне зависимости от сезона,
1,3106,2434. 9674. Установить крышку на колодец сети централизованного водоснабжения,,72,192,Вне зависимости от сезона,Да
1,3106,"2434. 9678. Обеспечить централизованное снабжение водой, соответствующей требованиям СанПиН (ржавая вода)",,72,192,Вне зависимости от сезона,
1,3106,2434. 9677. Устранить повреждение  на сети централизованного водоснабжения,,72,192,Вне зависимости от сезона,Да
1,3106,2434. 9675. Отремонтировать колодец сети централизованного водоснабжения,,72,192,Вне зависимости от сезона,Да
1,3106,2434. 9676. Модернизировать (реконструировать) участок водопроводной сети,,72,192,Вне зависимости от сезона,
1,3106,2435. 9682. Установить крышку на колодец сети водоотведения,,72,192,Вне зависимости от сезона,Да
1,3106,"2435. 9680. Устранить повреждение на сети централизованного водоотведения (истечение на рельеф хозяйственно-бытовых стоков, или размыв грунт",,72,192,Вне зависимости от сезона,Да
1,3106,2435. 9679. Отремонтировать колодец сети водоотведения,,72,192,Вне зависимости от сезона,Да
1,3106,2435. 9683. Модернизировать (реконструировать) участок  сети водоотведения,,72,192,Вне зависимости от сезона,
1,3106,2435. 9681. Модернизировать (реконструировать) канализационные очистные сооружение,,72,192,Вне зависимости от сезона,
1,3107,2436. 9691. Принять меры в связи с невыполнением работ по капитальному ремонту МКД в срок,,72,192,Вне зависимости от сезона,
1,3107,2436. 9688. Сообщить сроки проведения капитального ремонта МКД,,72,96,Вне зависимости от сезона,
1,3107,2436. 9690. Принять меры в связи с некачественным выполнением работ по капитальному ремонту МКД,,72,192,Вне зависимости от сезона,
1,3107,2436. 9689. Исключить  МКД из  региональной программы капитального ремонта общего имущества МКД,,72,192,Вне зависимости от сезона,
1,3107,2436. 9686. Включить МКД в региональную программу капитального ремонта общего имущества МКД,,72,192,Вне зависимости от сезона,
1,3107,2436. 9687. Включить  капитальный ремонт МКД (отдельного конструктивного элемента) в краткосрочный план  капитального ремонта (на ближайший,,72,192,Вне зависимости от сезона,
1,3107,2436. 9685. Разъяснить порядок начисления взносов за капитальный ремонт МКД,,72,96,Вне зависимости от сезона,
1,3107,2436. 9684. Сообщить о наличии долга за капитальный ремонт общего имущества МКД,,72,96,Вне зависимости от сезона,
1,3107,"2437. 9693. Разъяснить порядок проведения программы ""Мой подъезд""",,72,96,Вне зависимости от сезона,
1,3107,2437. 9692. Принять меры в связи с некачественным ремонтом подъезда,,72,192,Вне зависимости от сезона,
1,3107,2437. 9694. Принять меры в связи с невыполнением ремонта подъезда в срок,,72,192,Вне зависимости от сезона,
1,3108,2445. 9732. Сообщить о наличии схемы водоснабжения и водоотведения в муниципальном образовании,,72,192,Вне зависимости от сезона,
1,3108,2445. 9735. Сообщить о наличии мероприятий в схемах водоснабжения и водоотведения в муниципальном образовании,,72,192,Вне зависимости от сезона,
1,3108,2445. 9733. Сообщить о наличии мероприятий по модернизации системы водоснабжения и водоотведения в рамках инвестиционной программы,,72,192,Вне зависимости от сезона,
1,3108,2445. 9734. Проверить соответствие информации в схеме водоснабжения и водоотведения действительности,,72,192,Вне зависимости от сезона,
1,3108,2446. 9737. Оказать содействие в техприсоединении объектов капстроительства в части снижения платы за подключение,,72,96,Вне зависимости от сезона,
1,3108,2446. 9736. Оказать содействие в включении затрат на выполнение работ техприсоединения объектов капстроительства за счет обл.бюджета,,72,192,Вне зависимости от сезона,
1,3108,2446. 9738. Оказать содействие в техприсоединении объекта капстроительства в случае отказа РСО выдать договор ТП,,72,120,Вне зависимости от сезона,
1,3108,2446. 9739. Выдать повторно документы о техприсоединении объектов капстроительства к централизованным системам водоотведения,,72,96,Вне зависимости от сезона,
1,3108,2446. 9740. Оказать содействие в техприсоединении объектов капитального строительства к централизованным системам водоотведения,,72,96,Вне зависимости от сезона,
1,3108,2447. 9745. Оказать содействие в техприсоединении в части включения затрат на работы в за счет областного бюджета,,72,192,Вне зависимости от сезона,
1,3108,"2447. 9741. Оказать содействие в техприсоединении объекта капстроительства,в случае  отказа РСО выдать договор ТП",,72,120,Вне зависимости от сезона,
1,3108,2447. 9742. Оказать содействие в снижении платы за техподключение объектов капстроительства к централизованным системам водоснабжения,,72,96,Вне зависимости от сезона,
1,3108,2447. 9743. Оказать содействие в техприсоединении объектов капитального строительства к централизованным системам водоснабжения,,72,96,Вне зависимости от сезона,
1,3108,2447. 9744. Выдать повторно документы о техприсоединении объектов капстроительства к централизованным системам водоснабжения,,72,96,Вне зависимости от сезона,
1,3108,2448. 9748. Выдать повторно документы о техприсоединении объектов  к централизованным системам горячего водоснабжения,,72,96,Вне зависимости от сезона,
1,3108,2448. 9746. Оказать содействие в техприсоединении объектов капстроительства к централизованным системам горячего водоснабженияв за счет обл.,,72,192,Вне зависимости от сезона,
1,3108,2448. 9747. Оказать содействие в снижении платы за техприсоединение объектов к горячему водоснабжению,,72,192,Вне зависимости от сезона,
1,3108,2448. 9749. Оказать содействие в техприсоединении объектов капстроительства к централизованным системам горячего водоснабжения,,72,96,Вне зависимости от сезона,
1,3108,2449. 9750. Восстановить горячее водоснабжение по причине задолженности ресурсоснабжающей организации за газ или электроэнергию,,72,192,Вне зависимости от сезона,
1,3109,2450. 9760. Привлечь к ответственности за выгул собак без поводка и намордника вне установленных для этих целей мест,,72,192,Вне зависимости от сезона,
1,3109,"2450. 9759. Провести уборку территории, загрязненной при выезде транспортных средств с места производства работ",,24,72,Вне зависимости от сезона,
1,3109,"2450. 9754. Очистить тротуар, внутриквартальный проезд, полосу отвода дороги от мусора и смёта",,24,72,Вне зависимости от сезона,
1,3109,"2450. 9753. Привести в надлежащее состояние скамейки, ограждение",,72,192,Вне зависимости от сезона,
1,3109,"2450. 9752. Привлечь к ответственности за отсутствие уборки мусора и смёта с тротуара, внутриквартального проезда, полосы отвода дороги",,72,192,Вне зависимости от сезона,
1,3109,"2450. 9758. Восстановить тротуар, пешеходную дорожку.",,72,192,Вне зависимости от сезона,
1,3109,"2450. 9755. Привлечь к ответственности за ненадлежащую уборку от снега и наледи на тротуаре,внутриквартальном проезде, полосе отвода",,24,72,Вне зависимости от сезона,
1,3109,"2450. 9751. Привлечь к ответственности за складирование (хранение) строительных материалов (изделий, оборудования, машин и механизмов)  на т",,72,192,Вне зависимости от сезона,
1,3109,"2450. 9762. Очистить территорию тротуара, внутриквартального проезда, полосы отвода  от снега и наледи",,24,72,Вне зависимости от сезона,
1,3109,"2450. 9763. Привлечь к ответственности за подтопление тротуара, внутриквартального проезда, полосы отвода",,72,192,Вне зависимости от сезона,
1,3109,2450. 9761. Привести в надлежащее состояние тротуар,,72,192,Вне зависимости от сезона,
1,3109,"2450. 9757. Устранить подтопление тротуара, внутриквартального проезда",,72,192,Вне зависимости от сезона,
1,3109,"2450. 9764. Привлечь к ответственности за загрязнение территории при выезде транспортных средств с места производства работ, отсутствие  пун",,72,192,Вне зависимости от сезона,
1,3109,"2450. 9756. Убрать строительные материалы (изделия, оборудование, машины и механизмы) на тротуаре,внутриквартальном проезде, полосе отвода",,72,192,Вне зависимости от сезона,
1,3109,2451. 9765. Восстановить благоустройство после проведения земляных работ,,72,192,Вне зависимости от сезона,
1,3109,2451. 9768. Привлечь к ответственности за нарушение тишины и покоя граждан при проведении земляных и строительных работ,,72,192,Вне зависимости от сезона,
1,3109,"2451. 9767. Привлечь к ответственности за невосстановление благоустройства после проведения земляных работ на тротуаре, внутриквартальном пр",,72,192,Вне зависимости от сезона,
1,3109,"2451. 9769. Привлечь к ответственности за отсутствие ограждения и освещения места производства земляных работ на тротуаре, внутриквартальном",,72,192,Вне зависимости от сезона,
1,3109,"2451. 9766. Привлечь к ответственности за выполнение земляных работ на тротуаре,внутриквартаном проезде, полосе отвода  в отсутствие ордера",,72,192,Вне зависимости от сезона,
1,3109,"2451. 9770. Установить ограждение и освещение места производства земляных работ на тротуаре, внутриквартальном проезде, полосе отвода",,24,72,Вне зависимости от сезона,
1,3109,2452. 9774. Провести ямочный ремонт на дворовой территории,,24,72,Вне зависимости от сезона,
1,3109,2452. 9772. Восстановить разрушенный тротуар/пешеходную дорожку в парке/сквере,,24,72,Вне зависимости от сезона,
1,3109,2452. 9775. Восстановить разрушенный тротуар/пешеходную дорожку на дворовой территории,,24,72,Вне зависимости от сезона,
1,3109,2452. 9771. Провести ямочный ремонт на межквартальном/внутриквартальном проезде,,24,72,Вне зависимости от сезона,
1,3109,"2452. 9773. Привлечь к ответственности за ненадлежащее состояние и содержание тротуара, внутриквартального/внутридворового проезда",,72,192,Вне зависимости от сезона,
1,3109,2452. 9776. Восстановить разрушенный тротуар/пешеходную дорожку на межквартальном/внутриквартальном проезде,,24,72,Вне зависимости от сезона,
1,3109,"2453. 9777. Привлечь к ответственности за размещение грузовых транспортных средств, в том числе брошенных и (или) разукомплектованных, на вн",,72,192,Вне зависимости от сезона,
1,3110,2326. 9197. Нормализовать температуру в помещении медицинского учреждения,,72,96,Вне зависимости от сезона,
1,3110,2326. 9188. Обеспечить работоспособность телефонной связи с медицинским учреждением,,72,96,Вне зависимости от сезона,
1,3110,2326. 9190. Принять меры в связи с некачественной уборкой территории,,72,96,Вне зависимости от сезона,
1,3110,2326. 9189. Поставить необходимую мебель,,72,96,Вне зависимости от сезона,
1,3110,2326. 9193. Принять меры в связи с некачественной уборкой помещения,,72,96,Вне зависимости от сезона,
1,3110,2326. 9199. Принять меры в связи с отсутствием воды в медицинском учреждении,,72,96,Вне зависимости от сезона,
1,3110,2326. 9195. Принять меры в связи с неудовлетворительным состоянием объектов на территории,,72,96,Вне зависимости от сезона,
1,3110,"2326. 9194. Принять меры в связи с неудовлетворительным санитарным состоянием (наличием крыс, тараканов, мышевидных грызунов)",,72,96,Вне зависимости от сезона,
1,3110,2326. 9191. Отремонтировать мебель в медицинском учреждении,,72,96,Вне зависимости от сезона,
1,3110,2326. 9192. Провести проверку по факту использования площади медицинского учреждения не по назначению,,72,96,Вне зависимости от сезона,
1,3110,2326. 9198. Принять меры в связи с неудовлетворительным содержанием территории,,72,96,Вне зависимости от сезона,
1,3110,2326. 9196. Принять меры в связи с отсутствием/недостаточностью парковочных мест для посетителей,,72,96,Вне зависимости от сезона,
1,3110,2327. 9203. Предоставить информацию о планах проведения ремонта в учреждении,,72,96,Вне зависимости от сезона,
1,3110,2327. 9204. Провести текущий ремонт в учреждении,,72,96,Вне зависимости от сезона,
1,3110,2327. 9201. Провести ремонт в учреждении для обеспечения доступности маломобильным группам населения,,72,96,Вне зависимости от сезона,
1,3110,2327. 9200. Провести капитальный ремонт,,72,96,Вне зависимости от сезона,
1,3110,2327. 9202. Исправить недостатки после проведённых ремонтных работ,,72,96,Вне зависимости от сезона,
1,3110,2328. 9205. Поставить необходимое медицинское оборудование,,72,96,Вне зависимости от сезона,
1,3110,2328. 9207. Отремонтировать медицинское оборудование в учреждении,,72,96,Вне зависимости от сезона,
1,3110,2328. 9206. Оборудовать учреждение средствами для маломобильных групп населения,,72,96,Вне зависимости от сезона,
1,3110,2329. 9208. Принять меры в связи с нарушением графика работы медицинского учреждения,,72,96,Вне зависимости от сезона,
1,3110,2329. 9209. Построить новое медицинское учреждение,,72,96,Вне зависимости от сезона,
1,3110,"2330. 9210. Принять меры в связи с отсутствием расходных материалов (бахил, туалетной бумаги, мыла)",,72,96,Вне зависимости от сезона,
1,3111,2322. 9178. Организовать перехватывающую парковку для автомобилей,,72,192,Вне зависимости от сезона,
1,3111,2322. 9176. Ликвидировать автомобильную  парковку,,72,192,Вне зависимости от сезона,
1,3111,2322. 9177. Организовать автомобильную  парковку,,72,192,Вне зависимости от сезона,
1,3111,2322. 9179. Оборудовать  автомобильную  парковку местами для инвалидов,,72,192,Вне зависимости от сезона,
1,3111,2323. 9181. Ликвидировать велопарковку,,72,192,Вне зависимости от сезона,
1,3111,2323. 9180. Организовать велопарковку,,72,192,Вне зависимости от сезона,
1,3111,2324. 9183. Устранить несанкционированную парковку большегрузного транспорта,,72,192,Вне зависимости от сезона,
1,3111,2324. 9184. Устранить несанкционированную парковку общественного транспорта,,72,192,Вне зависимости от сезона,
1,3111,2324. 9182. Ликвидировать несанкционированную парковку частных автомобилей,,72,192,Вне зависимости от сезона,
1,3112,2325. 9187. Обустроить стоянку такси,,72,192,Вне зависимости от сезона,
1,3112,2325. 9185. Перенести стоянку такси,,72,192,Вне зависимости от сезона,
1,3112,2325. 9186. Ликвидировать несанкционированную стоянку такси,,72,192,Вне зависимости от сезона,
1,3113,2331. 9211. Обеспечить учреждение педиатром,,72,96,Вне зависимости от сезона,
1,3113,2332. 9212. Обеспечить учреждение терапевтом,,72,96,Вне зависимости от сезона,
1,3113,2333. 9213. Обеспечить учреждение отоларингологом,,72,96,Вне зависимости от сезона,
1,3113,2334. 9214. Обеспечить учреждение офтальмологом,,72,96,Вне зависимости от сезона,
1,3113,2335. 9215. Обеспечить учреждение неврологом,,72,96,Вне зависимости от сезона,
1,3113,2336. 9216. Обеспечить учреждение кардиологом,,72,96,Вне зависимости от сезона,
1,3113,2337. 9217. Обеспечить учреждение прочими врачами,,72,96,Вне зависимости от сезона,
1,3113,2338. 9219. Рассмотреть предложение по изменению графика работы медицинского персонала в учреждении,,72,96,Вне зависимости от сезона,
1,3113,2338. 9218. Проверить нарушение режима работы персонала,,72,96,Вне зависимости от сезона,
1,3113,2339. 9221. Проверить соответствие квалификации персонала занимаемой должности,,72,96,Вне зависимости от сезона,
1,3113,2339. 9220. Проверить факт некорректного поведения сотрудника,,72,96,Вне зависимости от сезона,
1,3113,2340. 9222. Проверить факт нарушения законодательства должностным лицом в медицинском учреждении,,72,96,Вне зависимости от сезона,
1,3113,2341. 9223. Объявить благодарность медицинскому работнику,,72,96,Вне зависимости от сезона,
1,3113,2341. 9224. Выразить благодарность сотрудникам МОССМП,,72,96,Вне зависимости от сезона,
1,3113,2342. 9230. Проверить факт задержки заработной платы,,72,96,Вне зависимости от сезона,
1,3113,2342. 9227. Предоставить информацию о повышении заработной платы прочему персоналу (не медицинскому),,72,96,Вне зависимости от сезона,
1,3113,2342. 9231. Предоставить информацию о доплате участковым врачам,,72,96,Вне зависимости от сезона,
1,3113,2342. 9228. Предоставить информацию о минимальной заработной плате  врачам в Московской области,,72,96,Вне зависимости от сезона,
1,3113,2342. 9226. Предоставить информацию о сроках начисления заработной платы,,72,96,Вне зависимости от сезона,
1,3113,2342. 9229. Предоставить справочную информацию по заработной плате,,72,96,Вне зависимости от сезона,
1,3113,2342. 9225. Предоставить информацию о размере доплат за дополнительные работы медицинского работника,,72,96,Вне зависимости от сезона,
1,3113,"2343. 9234. Предоставить  справочную информацию по вопросам ""Социальной ипотеки""",,72,96,Вне зависимости от сезона,
1,3113,2343. 9233. Предоставить информацию о переводе младшего медицинского персонала в рабочий,,72,96,Вне зависимости от сезона,
1,3113,2343. 9232. Предоставить  справочную информацию по вопросу целевого направленияя в медицинское учреждение,,72,96,Вне зависимости от сезона,
1,3114,2371. 9376. Разъяснить порядок записи на личный прием,,72,96,Вне зависимости от сезона,
1,3114,2371. 9375. Предоставить заверенные документы по обращениям граждан,,72,192,Вне зависимости от сезона,
1,3114,2371. 9374. Оказать содействие в решении вопроса в ходе личного приема,,72,192,Вне зависимости от сезона,
1,3115,2372. 9380. Устранить технические проблемы в записи ребенка в детский сад  на Портале госуслуг Московской области,,72,192,Вне зависимости от сезона,
1,3115,2372. 9383. Перевести ребенка в другой детский сад,,72,96,Вне зависимости от сезона,
1,3115,2372. 9377. Предоставить место в детском саду,,72,192,Вне зависимости от сезона,
1,3115,2372. 9378. Разъяснить порядок открытия семейных групп для детей многодетных семей,,72,96,Вне зависимости от сезона,
1,3115,2372. 9381. Предоставить информацию по детскому саду,,72,96,Вне зависимости от сезона,
1,3115,2372. 9379. Открыть группу для детей раннего возроста,,72,192,Вне зависимости от сезона,
1,3115,2372. 9382. Компенсировать непредоставление ребенку места в детском саду,,72,192,Вне зависимости от сезона,
1,3115,2373. 9387. Привлечь к ответственности воспитателя детского сада (за не исполнение/недобрасовестное исполнение служебных обязанностей),,72,192,Вне зависимости от сезона,
1,3115,2373. 9388. Разрешить конфлитную ситуацию между родитель/воспитатель,,72,192,Вне зависимости от сезона,
1,3115,2373. 9390. Разъяснить порядок посещения ДОУ без прививок,,72,192,Вне зависимости от сезона,
1,3115,2373. 9392. Разрешить конфлитную ситуацию между ребенок/воспитатель,,72,192,Вне зависимости от сезона,
1,3115,2373. 9385. Привлечь к ответственности заведующего детского сада (за не исполнение/недобрасовестное исполнение служебных обязанностей),,72,192,Вне зависимости от сезона,
1,3115,2373. 9389. Разъяснить порядок прохождения медицинских осмотров воспитанников ДОУ,,72,96,Вне зависимости от сезона,
1,3115,2373. 9384. Разъяснить порядок закрытия групп (ДОУ) на карантийные мероприятия,,72,192,Вне зависимости от сезона,
1,3115,2373. 9386. Разрешить конфлитную ситуацию между заведующий/родитель,,72,192,Вне зависимости от сезона,
1,3115,2373. 9391. Разъяснить порядок предоставления подарков детям на праздники,,72,96,Вне зависимости от сезона,
1,3115,2374. 9394. Разъяснить порядок реорганизации образовательных организации.,,72,96,Вне зависимости от сезона,
1,3115,2374. 9393. Проверить соблюдение лицензионных требований,,72,96,Вне зависимости от сезона,
1,3115,2374. 9397. Разъяснить порядок ликвидации образовательных организации.,,72,96,Вне зависимости от сезона,
1,3115,2374. 9396. Разъяснить порядок создания образовательных организации.,,72,96,Вне зависимости от сезона,
1,3115,2374. 9395. Разъяснить порядок предоставления лицензии на осуществление образовательной деятельности,,72,96,Вне зависимости от сезона,
1,3115,2375. 9399. Разъяснить порядок выплаты компенсации родительской платы при достижении старшим ребенком возраста 18 лет,,72,96,Вне зависимости от сезона,
1,3115,2375. 9398. Разъяснить порядок получения компенсации родительской платы при оплате за детский сад счет средств материнского капитала,,72,96,Вне зависимости от сезона,
1,3115,2375. 9401. Проверить соблюдение законодательства при назначении и выплате компенсации родительской платы за присмотр и уход за детьми,,72,192,Вне зависимости от сезона,
1,3115,2375. 9400. Проверить законность увеличения размера родительской платы за присмотр и уход за детьми в детских садах,,72,192,Вне зависимости от сезона,
1,3115,2376. 9402. Проверить законность подписания договоров на оказание дополнительных платных услуг,,72,192,Вне зависимости от сезона,
1,3115,2376. 9403. Проверить законность предоставления платных услуг,,72,192,Вне зависимости от сезона,
1,3115,2377. 9404. Проверить законность сбора денег в учреждении,,72,192,Вне зависимости от сезона,
1,3115,2378. 9408. Разъяснить порядок трудоустройства в учреждение образования,,72,96,Вне зависимости от сезона,
1,3115,2378. 9405. Разъяснить порядок социальной поддержки молодых педагогов,,72,96,Вне зависимости от сезона,
1,3115,2378. 9406. Разъяснить порядок участия в социальной ипотеке,,72,96,Вне зависимости от сезона,
1,3115,2378. 9407. Разъяснить порядок награждения работников образования,,72,96,Вне зависимости от сезона,
1,3115,2379. 9411. Восстановить работоспособность систем водоснабжения,,72,192,Вне зависимости от сезона,
1,3115,2379. 9410. Восстановить работоспособность систем электроснабжения,,72,192,Вне зависимости от сезона,
1,3115,2379. 9413. Отремонтировать спортивный стадион,,72,192,Вне зависимости от сезона,
1,3115,2379. 9412. Отремонтировать ограждения территории учреждения,,72,192,Вне зависимости от сезона,
1,3115,2379. 9409. Отремонтировать помещения учреждения,,72,192,Вне зависимости от сезона,
1,3115,2379. 9414. отремонтировать дорожки на территории сада,,72,192,Вне зависимости от сезона,
1,3115,2379. 9415. Отремонтировать здание учреждения,,72,192,Вне зависимости от сезона,
1,3115,2379. 9416. Восстановить работоспособность систем канализации,,72,192,Вне зависимости от сезона,
1,3115,2380. 9418. Кронировать  и удалить сухостойные/аварийные  деревья,,72,192,Вне зависимости от сезона,
1,3115,2380. 9419. Очистить территорию учреждения от листьев и мусора,,72,192,Летний период,
1,3115,2380. 9421. Восстановить уличное освещение территории,,72,192,Вне зависимости от сезона,
1,3115,2380. 9420. Отремонтировать прогулочные веранды,,72,192,Вне зависимости от сезона,
1,3115,"2380. 9417. Очистить территорию учреждения от льда, снега",,72,192,Зимний период,
1,3115,2381. 9425. Построить новый детский сад,,72,192,Вне зависимости от сезона,
1,3115,2382. 9432. Проверить наличие договора на охранную деятельность,,72,192,Вне зависимости от сезона,
1,3115,2382. 9426. Отремонтировать систему видеонаблюдения,,72,192,Вне зависимости от сезона,
1,3115,2382. 9431. Организовать пост охраны,,72,192,Вне зависимости от сезона,
1,3115,2382. 9427. Отловить безнадзорных собак на территории,,72,192,Вне зависимости от сезона,
1,3115,"2382. 9434. Очистить кровлю от сосулек, снега/убрать наледь",,72,192,Зимний период,
1,3115,2382. 9433. Установить систему видеонаблюдения,,72,192,Вне зависимости от сезона,
1,3115,2382. 9430. Обеспечить безопастное использование  и содержание МАФов ворота/качели/горки.,,72,192,Вне зависимости от сезона,
1,3115,2382. 9429. Принять меры в связи с отсутствием охраны на посту,,72,192,Вне зависимости от сезона,
1,3115,2382. 9428. Применить меры к сотруднику охраны   (за не исполнение/недобрасовестное исполнение служебных обязанностей),,72,192,Вне зависимости от сезона,
1,3115,2382. 9435. Принять меры в связи с несчасным случаем,,72,192,Вне зависимости от сезона,
1,3115,"2383. 9438. Разъяснить порядок выплаты заработной платы младшему обслуживающему персоналу (повар, кладовщик, подсобный рабочий, и пр.)",,72,96,Вне зависимости от сезона,
1,3115,"2383. 9439. Разъяснить порядок выплаты заработной платы педагогическим работникам детских садов, в том числе воспитателям",,72,96,Вне зависимости от сезона,
1,3115,2383. 9437. Разъяснить порядок выплаты заработной платы административно-управленческому персоналу,,72,96,Вне зависимости от сезона,
1,3115,2383. 9436. Проверить соблюдение законодательства при распределении средств субвенции на оплату труда,,72,192,Вне зависимости от сезона,
1,3115,2383. 9440. Разъяснить порядок выплаты заработной платы учебно-вспомогательного персонала,,72,96,Вне зависимости от сезона,
1,3115,2384. 9441. Устранить нарушения в организации питания в детском саду,,72,192,Вне зависимости от сезона,
1,3115,2384. 9442. Проверить качество продуктов питания,,72,192,Вне зависимости от сезона,
1,3115,2454. 9423. Обустроить места для переодевания детей,,72,192,Вне зависимости от сезона,
1,3115,2454. 9424. Обеспечить надлежащий тепловой режим в помещениях,,72,192,Вне зависимости от сезона,
1,3115,"2454. 9422. Проверить оснащение помещений мебелью, учебным оборудованием",,72,192,Вне зависимости от сезона,
1,3116,2389. 9467. Разъяснить порядок финансирования выезда детей на соревнования,,72,96,Вне зависимости от сезона,
1,3116,2389. 9473. Разъяснить порядок организации занятий с детьми в учреждении дополнительного образования по различным направлениям,,72,96,Вне зависимости от сезона,
1,3116,2389. 9472. Разъяснить вопрос поддержки одаренных детей,,72,96,Вне зависимости от сезона,
1,3116,2389. 9468. Разъяснить порядок записи в кружки и секции в учреждения дополнительного образования,,72,96,Вне зависимости от сезона,
1,3116,2389. 9474. Разъяснить порядок выплаты стипендии Губернатора МО,,72,192,Вне зависимости от сезона,
1,3116,2389. 9471. Разъяснить порядок присуждения стипендии Губернатора МО в учреждение дополнительного образования,,72,96,Вне зависимости от сезона,
1,3116,2389. 9470. Разрешить конфликтную ситуацию  директор/педагог,,72,192,Вне зависимости от сезона,
1,3116,2389. 9466. Разъяснить порядок предоставления помещения для организации деятельности кружков и секций в учреждении дополнительного образован,,72,96,Вне зависимости от сезона,
1,3116,2389. 9469. Разъяснить порядок предоставления дополнительного образования,,72,96,Вне зависимости от сезона,
1,3116,2390. 9477. Разрешить конфликтную ситуацию  ученик/педагог,,72,192,Вне зависимости от сезона,
1,3116,2390. 9478. Разрешить конфликтную ситуацию  педагог/педагог,,72,192,Вне зависимости от сезона,
1,3116,2390. 9476. Разрешить конфликтную ситуацию сотрудник/администрация,,72,192,Вне зависимости от сезона,
1,3116,2390. 9479. Разрешить конфликтную ситуацию  родитель/педагог,,72,192,Вне зависимости от сезона,
1,3116,2390. 9475. Разрешить конфлитную ситуацию ученик/ученик,,72,192,Вне зависимости от сезона,
1,3116,2391. 9481. Разъяснить порядок предоставления путевки в лагерь дневного пребывания в общеобразовательных учреждениях,,72,96,Вне зависимости от сезона,
1,3116,2391. 9482. Разъяснить порядок получения путевки в детский центр Артек,,72,96,Вне зависимости от сезона,
1,3116,2391. 9480. Разъяснить порядок получения путевки на отдых и оздоровление детей,,72,96,Вне зависимости от сезона,
1,3116,2391. 9483. Разъяснить порядок получения компенсации путевки на отдых и оздоровление детей,,72,96,Вне зависимости от сезона,
1,3116,2391. 9484. Разъяснить порядок получения путевки в детский лагерь Родник,,72,96,Вне зависимости от сезона,
1,3116,2392. 9486. Разъяснить порядок создания образовательных организации.,,72,96,Вне зависимости от сезона,
1,3116,2392. 9487. Разъяснить порядок предоставления лицензии на осущетсвление образовательной деятельности,,72,96,Вне зависимости от сезона,
1,3116,2392. 9488. Разъяснить порядок реорганизации образовательных организации.,,72,96,Вне зависимости от сезона,
1,3116,2392. 9485. Разъяснить порядок ликвидации образовательных организации.,,72,96,Вне зависимости от сезона,
1,3116,2392. 9489. Проверить соблюдение лицензионных требований,,72,192,Вне зависимости от сезона,
1,3116,2393. 9490. Проверить законность предоставления платных услуг  в ДОУ,,72,192,Вне зависимости от сезона,
1,3116,2394. 9491. Проверить законность сбора денег в учреждении дополнительного образования,,72,192,Вне зависимости от сезона,
1,3116,2395. Территория учреждения (Дополнительное образование Раменское),,,,Вне зависимости от сезона,
1,3116,"2395. 9495. Очистить территорию учреждения от льда, снега",,72,192,Зимний период,
1,3116,2395. 9493. Очистить территорию учреждения от листьев и мусора,,72,192,Летний период,
1,3116,2395. 9492. Кронировать  и удалить сухостойные/аварийные  деревья,,72,192,Вне зависимости от сезона,
1,3116,2395. 9494. Отловить безнадзорных собак на территории,,72,192,Вне зависимости от сезона,
1,3117,2438. 9696. Ликвидировать пешеходный переход на автомобильной дороге,,72,192,Вне зависимости от сезона,
1,3117,2438. 9695. Оборудовать пешеходный переход для маломобильных групп населения,,72,192,Вне зависимости от сезона,
1,3117,2438. 9700. Обустроить пешеходный переход на автомобильной дороге,,72,192,Вне зависимости от сезона,
1,3117,2438. 9697. Отремонтировать надземный/подземный пешеходный переход,,48,192,Вне зависимости от сезона,Да
1,3117,2438. 9698. Очистить пешеходный переход на автомобильной дороге от снега и наледи,,24,192,Зимний период,Да
1,3117,2438. 9699. Очистить пешеходный переход на автомобильной дороге от мусора и грязи,,24,192,Летний период,Да
1,3117,2439. 9705. Установить новое барьерное ограждение на дороге,,72,192,Вне зависимости от сезона,
1,3117,2439. 9701. Отремонтировать перильное ограждение на тротуаре,,48,192,Вне зависимости от сезона,
1,3117,2439. 9706. Демонтировать перильное ограждение тротуара,,72,192,Вне зависимости от сезона,
1,3117,2439. 9703. Установить новое перильное ограждение тротуара,,72,192,Вне зависимости от сезона,
1,3117,2439. 9702. Демонтировать барьерное ограждение на дороге,,72,192,Вне зависимости от сезона,
1,3117,2439. 9704. Отремонтировать поврежденное барьерное ограждение на дороге,,48,192,Вне зависимости от сезона,Да
1,3117,2440. 9707. Нанести разметку на дорогу,,72,192,Вне зависимости от сезона,
1,3117,2440. 9708. Изменить разметку на дороге,,72,192,Вне зависимости от сезона,
1,3117,2441. 9709. Установить новый знак на дороге,,48,192,Вне зависимости от сезона,
1,3117,2441. 9710. Заменить поврежденный знак на дороге,,24,192,Вне зависимости от сезона,Да
1,3117,2441. 9711. Очистить дорожный знак,,24,192,Вне зависимости от сезона,Да
1,3117,2441. 9712. Перенести некорректно расположенный знак на дороге,,48,192,Вне зависимости от сезона,Да
1,3117,2441. 9713. Демонтировать знак на дороге,,72,192,Вне зависимости от сезона,
1,3117,2442. 9716. Ограничить движение транспорта на дороге,,24,192,Вне зависимости от сезона,Да
1,3117,2442. 9714. Изменить схему движения на дороге,,72,192,Вне зависимости от сезона,
1,3117,2442. 9715. Разрешить движение транспорта по дороге,,24,192,Вне зависимости от сезона,Да
1,3117,2443. 9717. Отремонтировать обзорное зеркало,,48,192,Вне зависимости от сезона,Да
1,3117,"2443. 9721. Демонтировать искусственную дорожную неровность (""лежачий полицейский"")",,72,192,Вне зависимости от сезона,
1,3117,2443. 9720. Демонтировать камеру фотовидеофиксации нарушений,,72,192,Вне зависимости от сезона,
1,3117,"2443. 9723. Отремонтировать искусственную дорожную неровность (""лежачий полицейский"")",,48,192,Вне зависимости от сезона,Да
1,3117,2443. 9722. Установить обзорное зеркало,,72,192,Вне зависимости от сезона,
1,3117,2443. 9724. Очистить обзорное зеркало,,24,192,Вне зависимости от сезона,Да
1,3117,"2443. 9719. Установить искусственную дорожную неровность (""лежачий полицейский"")",,72,192,Вне зависимости от сезона,
1,3117,2443. 9718. Установить камеру фотовидеофиксации нарушений,,72,192,Вне зависимости от сезона,
1,3117,2444. 9727. Отремонтировать неисправный светофор,,24,192,Вне зависимости от сезона,Да
1,3117,2444. 9729. Демонтировать светофор,,72,192,Вне зависимости от сезона,
1,3117,2444. 9731. Оборудовать светофор для маломобильных групп населения,,72,192,Вне зависимости от сезона,
1,3117,2444. 9730. Установить светофор,,72,192,Вне зависимости от сезона,
1,3117,2444. 9725. Оборудовать светофор кнопкой вызова,,72,192,Вне зависимости от сезона,
1,3117,2444. 9728. Добавить секцию в имеющемся светофоре,,72,192,Вне зависимости от сезона,
1,3117,2444. 9726. Изменить режим работы светофора,,48,192,Вне зависимости от сезона,Да
