id,guid,name,gzhi_code,gzhi_code_type,gzhi_name
22,4B834E19-6429-456E-9028-6D006BDCDA41,03.01. Прорыв газового трубопровода,99001,99,
24,CE05715B-EF73-4C81-9CD3-FF5AEAB7E8E7,03.03. Запах газа в подъезде или у подъезда,7028,7,
27,F3C9CE39-1302-418E-BE6F-6C4BAAF10A63,03.06. Запах газа в квартире или у квартиры,7028,7,
34,D8530D9A-6D63-47C4-BA79-D0B9D7B43CD2,"03.13. Прочистка,калибровка сопла горелки плиты",7012,7,
36,820E92F7-441E-4C9B-BC67-443A7124C39F,03.15. Подключение газовой колонки к газопроводу без доп.работ,7020,7,
37,9A6C1256-B2A4-40A1-9FAD-5F54D97FE8D1,03.16. Замена газовой колонки без изменения проводки с пуском газа и устройством дымоудаления,7021,7,
38,CD193DC5-9C4F-4DA1-AFBA-2842CB181E2B,"03.17. Замена газовой колонки с новой подводкой водопровода,газопровода,пуском газа и устройством дымоудаления",7022,7,
39,F477B7F1-5B27-40DE-BEBE-847F80959585,"03.18. Снятие,установка теплообменника колонки",7014,7,
43,D766ECEB-BB83-4EC4-92F8-3DFD7C262839,03.22. замена газового крана на опуске,7027,7,
44,78AFC320-4D15-4218-BF33-AFA454233E00,03.23. Диагностика и обследование газового оборудования,7028,7,
48,945CF4C4-B6AD-4E84-A5AF-CF49983EDF15,04.03. Не работает предподъездное освещение,3023,3,
50,798C01AF-F447-4392-8823-EC4143B41743,04.05. Отсутствует остекление в подъезде/разбитые окна ( летний период),3018,3,
51,397833B7-EF30-43BB-A6DB-22B6A5C131AF,04.06. Отсутствует остекление в подъезде/разбитые окна(зимний период),3019,3,
52,F7F82AE4-37AC-4B47-AED1-A707F682A227,04.07. Неисправный мусоропровод,6001,6,
53,E9898BF6-2EC2-4C93-B8FA-873349CD582A,04.08. Отсутствуют замки на входных дверях в подвалах/мусорокамеры,3025,3,
54,1B1A45A5-37C2-4F3A-9975-135AD02529B5,04.09. Неисправность/недоступность инфраструктуры для маломобильных граждан(установка/ремонт пандусов),3005,3,
56,D9104F38-7221-4E23-BA77-82C80233972B,04.11. Домофон.,99001,99,
58,ADBB0788-68D0-4410-AB49-AD510C75C898,05.02. Ремонт/замена почтовых ящиков в подъезде,3015,3,
60,4D457A07-23DC-4599-A8F8-66709F5F156E,"05.04. Ремонт перил,поручней",3004,3,
63,06EE7BEC-F138-4B3C-A2A1-24A29C8FADCD,05.07. Некачественный текущий ремонт,30005,30,
65,F669CC19-DD92-4F8C-9BB5-D9A55DED8338,06.02. Замена смесителя 'Елочка',19002,19,
68,3F310A3C-290B-49FA-8FEC-ECBF538A9008,06.05. Замена унитаза 'Компакт',19005,19,
76,24C7F3E4-C589-4AE1-B033-8ECA92EE8749,06.13. Смена трубопроводов холодного водоснабжения на трубы металлопласта,19013,19,
78,E8E7CC90-7205-4F1B-8697-87397DFB6A52,06.15. Смена трубопроводов отопления / ГВС стальных труб на полипропиленовые трубы,19015,19,
79,4352C4D0-5320-47AF-87DA-01A37186BD7C,06.16. Смена трубопроводов отопления / ГВС стальных труб на электросварные трубы,19016,19,
82,BAEC04A4-B055-4129-BDE6-9F08345D8C14,06.19. Смена отдельных участков внутренних чугунных канализационных выпусков. Диаметр канализационного выпуска до 50мм,19019,19,
83,1CC08BFA-8A7F-41D3-A291-1B63DB377240,06.20. Смена отдельных участков внутренних чугунных канализационных выпусков. Диаметр выпуска до 76-100мм,19020,19,
87,1EB0FE4B-27C5-4A7E-9AA6-6DB5CF7AA34E,06.24. Ремонт смывных бачков типа 'Компакт',19024,19,
91,2DD92067-72F2-4195-B2F9-C86B0FB0B103,"06.28. Смена выключателя,переключателя,штепсельной розетки скрытой проводки",19028,19,
96,,Проведение технических условий,19032,19,
101,2380DED5-9C18-4CFD-B58F-AC67C4EAA9F5,"06.37. Смена отдельных участков наружной электропроводки. Число и сечение жил в проводе,м2:2*1,5;2*2,5",19037,19,
102,432535EF-1D79-47CD-A86E-865E04800708,"06.38. Смена отдельных участков наружной электропроводки. Число и сечение жил в проводе,м2:3*1,5;3*2,5",19038,19,
104,52BBBF56-79B2-4AF9-8A7B-B24B9ACDC5B4,06.40. Выдача технических условий на переустройство и/или перепланировку жилых помещений,19040,19,
110,23DCFEEB-2B5A-4DF0-9B5C-055EA82134A1,07.03. Обработка от грызунов(дератизация),31003,31,
111,B5355959-6CD8-46E8-ADDF-75BBD65B20D4,07.04. Обработка от насекомых(дезинсекция),31004,31,
112,0EA324B3-89CC-4030-B069-A83D4B21BEE5,07.05. Неубранный карниз над подъездом,31005,31,
118,0C0087DD-54D5-48BE-B758-DFDB941F1424,08.04. Нет отопления,5017,5,
124,4D4017B2-6521-44EA-A19C-F18FB870918D,09.03. Неисправность систем пожаробезопасности,13002,13,
125,A8F3489B-C3E2-4AFD-AF44-05A5723EEA65,10.01. Засор канализационного стояка,14001,14,
126,4004AB1A-9DD6-4A9C-B50F-6B20F953D6D5,10.02. Течь канализационного стояка,14002,14,
130,9B1753AB-A1C4-446B-8793-2BECCDE3D236,10.06. Протечка канализационного отвода на кухне,14006,14,
139,CB4238D5-2F41-4F18-94F2-54B14BEF8F85,11.04. Нет горячей воды,8001,8,
144,0626F94C-BD5B-4CF5-AD16-4263BDFD5FD5,11.09. Нет напора воды в кране ГВС,8002,8,
145,36ACFB63-E246-4BDC-A5AF-863865E92667,11.10. Холодный полотенцесушитель,8005,8,
149,870670D5-66BD-45D9-A023-CEE04831EE51,19.04. Захламление дворовой территории,24001,24,
151,FBA49911-A451-4014-969E-DBC86137C1CD,19.06. Некачественное содержание детской площадки (санитарное содержание),24013,24,
152,D99D2431-8D79-4A7E-8220-E4220C2C96FC,19.07. Некачественное содержание спортивной площадки (санитарное содержание),24014,24,
154,5E1D859C-DC9E-438C-8C28-1277C15294FD,19.09. Некачественное содержание малых архитектурных форм,24005,24,
155,1455054F-5C77-4016-B411-8C7BE4C97746,"19.10. Подтопление придомовой территории (засорение водоприемных колодцев, решеток колодцев и трубопроводов водосточной сети, изменение вертикальных отметок асфальта)",24016,24,
157,8EF3A01C-E7B6-4931-BDA5-70E8A064B2A5,19.12. Повреждение ограждений газонов (некапитальный ремонт),24018,24,
158,FC7B0A6D-C35B-4A8E-B120-6FE481056DDE,19.13. Гололед во дворе,24019,24,
159,AF884F72-8FE6-428F-9E79-25CD5701B796,19.14. Гололед на проезжей части/тротуаре,24020,24,
161,2BE83632-9CBD-45F7-BB09-41B73F089BAB,19.16. Отсутствие песка в песочнице,24022,24,
162,BB5F53D5-2FBB-49A7-BB5F-FA85AFBD47BD,19.17. Ненадлежащий уход за зелеными насаждениями,24023,24,
163,4310BF60-754F-4134-9AFE-0EB89ED5CB17,19.18. Брошенный разукомплектованный автомобиль,24003,24,
169,CCA721EA-9220-42A8-8F72-DEE328557DFB,19.24. Нарушение графика вывоза бытовых отходов,24006,24,
172,060D43C2-0E23-43D9-92C0-EF5421D70690,01.14. Нет напора воды в кране ХВС,9002,9,
177,BA34E2A2-4C1A-453B-9A2D-EC6FA38B0A03,13.02. Протечка кровли,1004,1,
178,3A43B50E-E90B-4E34-A732-7AC0954D84E7,13.03. Протечка ливнёвки,1007,1,
179,12FCE6B9-4B93-4C86-B4E2-D9902D6F6E0A,"13.04. Неубранные сосульки, наледь и снег, свисающие с крыши и карнизов",3002,3,
181,59524D2B-CFF1-4840-9C49-3685CC488DCE,12.02. Отключение электроснабжения,10001,10,
184,A34D1720-22D3-4536-884E-1D801CBD4491,12.05. Искрит в эл. щите,10002,10,
192,41C9E3EB-D903-4D4B-A229-B81742CF91C3,14.03. Несанкционированные надписи и рисунки на фасадах жилых зданий,2011,2,
198,BA9854D2-EC34-4376-9B2E-646880344C0A,15.02. Стена осыпается,33002,33,
203,A930124D-8916-4299-BF5A-9FD6FB8CA0FC,"17.01. Незаконное проживание мигрантов в местах общего пользования (подвалы, чердаки)",18008,18,
205,91841D65-FC85-450C-AAEA-D80405E1199D,"17.03. Нарушение при создании ТСЖ (подготовка ответа, проведение проверки)",35002,35,
208,4BEEF78E-6AC0-4A30-8317-E96F9B3F08F2,17.06. Нарушения при предоставлении информации от управляющей организации,25008,25,
210,,20.01. Иное,99001,99,
211,,20.02. Работы на ГВС + отопление,99001,99,
212,,20.03. Работы на ХВС+канализация,99001,99,
214,,20.04. Слаботочные сети,99001,99,
215,,21.01. Яма на проезжей части,24010,24,
216,,21.02. Яма на внутридворовом проезде.,24010,24,
217,,21.03. Гололед на тротуаре.,24020,24,
218,,21.04. Не расчищен от снега проход  к тротуару.,24027,24,
219,,21.05. Не убран снег в парковочных карманах,24021,24,
220,,21.06. Снежный накат на дороге,99001,99,
221,,21.07. Не убран снег на остановочном пункте.,24027,24,
222,,21.08. Мусор на остановочном пункте.,99001,99,
223,,21.09. Сломаны элементы детской/спортивной площадки,99001,99,
224,,21.10. Нарушение целостности ограждения детской/спортивной площадки,99001,99,
225,,21.11. Незаконное ограждение парковочного места,99001,99,
226,,21.12. Незаконное заграждения проезда,99001,99,
227,,21.13. Мусор на газоне/тротуаре,99001,99,
228,,21.14. Переполненные урны,99001,99,
229,,21.15. Сломана урна / скамейка,99001,99,
230,,21.16. Несанкционированная мусорная свалка,99001,99,
232,,21.18. Не удалены / не вывезены порубочные остатки,24025,24,
233,,21.19. Угроза падения сухих веток.,24028,24,
234,,21.20. Не скошена трава,24024,24,
235,,21.21. Не горит фонарь на опоре уличного освещения.,24012,24,
236,,21.22. Угроза падения дерева на провода уличного освещения.,24028,24,
237,,21.23. Ветви дерева задевают провода уличного освещения.,99001,99,
238,,21.24. Обрыв провода / провод на земле.,10004,10,
239,,04.12. Не закрыт люк (дверь) в технические помещения.,18012,18,
240,,04.13. Вызов специалиста для обследования,99001,99,
241,,04.14. Отсутствуют/сломаны замки/ручки на оконных рамах в подъезде.,99001,99,
257,,20.05. Информирование,99001,99,
368,,04.11.01. Домофон - не проходит звонок (не слышно),3031,3,
369,,04.11.02. Домофон - не открывается замок с кнопки,3030,3,
370,,04.11.03. Домофон - не открывается замок с ключа,3030,3,
371,,04.11.04. Домофон - нет видеоизображения (или плохое) на мониторе,3031,3,
372,,04.11.05. Домофон - не работает индивидуальный код на подъезд,3027,3,
373,,04.11.06. Домофон - отсутствует / не работает блок питания или зарядное устройство,3032,3,
374,,06.44. Ремонт электрического звонка,19027,19,
376,,06.46. Установка дополнительной розетки,19033,19,
380,,"06.50. Отключение стояка отопления, ХВС, ГВС для ремонта",19050,19,
394,,Демо,,,
395,,12.11. Установка индивидуального электросчетчика,,,
396,,12.12. Замена индивидуального электросчетчика,,,
399,,11. Горячее водоснабжение,,,
400,,02. Лифт,,,
401,,01. Холодное водоснабжение,,,
402,,03. Газовые сети,,,
403,,04. Техническое обслуживание,,,
404,,05. Текущий ремонт,,,
405,,06. Платные услуги,,,
406,,07. Санитарное состояние/содержание,,,
407,,08. Отопление,,,
408,,"09. Вентканалы, дымоходы",,,
409,,10. Канализация,,,
410,,19. Благоустройство дворовой территории,,,
411,,13. Кровля,,,
412,,12. Электрические сети,,,
413,,14. Фасад,,,
414,,15. Стены,,,
415,,16. Фундамент,,,
416,,17. Нарушения,,,
418,,20. Иное,,,
419,,21. Благоустройство и содержание городских территорий,,,
420,,01. Подключение,,,
421,,02. Ремонт,,,
422,,03. Аксессуары,,,
444,4B834E19-6429-456E-9028-6D006BDCDA41,03.01. Прорыв газового трубопровода,99001,99,
446,CE05715B-EF73-4C81-9CD3-FF5AEAB7E8E7,03.03. Запах газа в подъезде или у подъезда,7028,7,
449,F3C9CE39-1302-418E-BE6F-6C4BAAF10A63,03.06. Запах газа в квартире или у квартиры,7028,7,
456,D8530D9A-6D63-47C4-BA79-D0B9D7B43CD2,"03.13. Прочистка,калибровка сопла горелки плиты",7012,7,
458,820E92F7-441E-4C9B-BC67-443A7124C39F,03.15. Подключение газовой колонки к газопроводу без доп.работ,7020,7,
459,9A6C1256-B2A4-40A1-9FAD-5F54D97FE8D1,03.16. Замена газовой колонки без изменения проводки с пуском газа и устройством дымоудаления,7021,7,
460,CD193DC5-9C4F-4DA1-AFBA-2842CB181E2B,"03.17. Замена газовой колонки с новой подводкой водопровода,газопровода,пуском газа и устройством дымоудаления",7022,7,
461,F477B7F1-5B27-40DE-BEBE-847F80959585,"03.18. Снятие,установка теплообменника колонки",7014,7,
465,D766ECEB-BB83-4EC4-92F8-3DFD7C262839,03.22. замена газового крана на опуске,7027,7,
466,78AFC320-4D15-4218-BF33-AFA454233E00,03.23. Диагностика и обследование газового оборудования,7028,7,
470,945CF4C4-B6AD-4E84-A5AF-CF49983EDF15,04.03. Не работает предподъездное освещение,3023,3,
472,798C01AF-F447-4392-8823-EC4143B41743,04.05. Отсутствует остекление в подъезде/разбитые окна ( летний период),3018,3,
473,397833B7-EF30-43BB-A6DB-22B6A5C131AF,04.06. Отсутствует остекление в подъезде/разбитые окна(зимний период),3019,3,
474,F7F82AE4-37AC-4B47-AED1-A707F682A227,04.07. Неисправный мусоропровод,6001,6,
475,E9898BF6-2EC2-4C93-B8FA-873349CD582A,04.08. Отсутствуют замки на входных дверях в подвалах/мусорокамеры,3025,3,
476,1B1A45A5-37C2-4F3A-9975-135AD02529B5,04.09. Неисправность/недоступность инфраструктуры для маломобильных граждан(установка/ремонт пандусов),3005,3,
478,D9104F38-7221-4E23-BA77-82C80233972B,04.11. Ремонт/замена домофона,99001,99,
480,ADBB0788-68D0-4410-AB49-AD510C75C898,05.02. Ремонт/замена почтовых ящиков в подъезде,3015,3,
482,4D457A07-23DC-4599-A8F8-66709F5F156E,"05.04. Ремонт перил,поручней",3004,3,
485,06EE7BEC-F138-4B3C-A2A1-24A29C8FADCD,05.07. Некачественный текущий ремонт,30005,30,
487,F669CC19-DD92-4F8C-9BB5-D9A55DED8338,06.02. Замена смесителя 'Елочка',19002,19,
490,3F310A3C-290B-49FA-8FEC-ECBF538A9008,06.05. Замена унитаза 'Компакт',19005,19,
498,24C7F3E4-C589-4AE1-B033-8ECA92EE8749,06.13. Смена трубопроводов холодного водоснабжения на трубы металлопласта,19013,19,
500,E8E7CC90-7205-4F1B-8697-87397DFB6A52,06.15. Смена трубопроводов отопления / ГВС стальных труб на полипропиленовые трубы,19015,19,
501,4352C4D0-5320-47AF-87DA-01A37186BD7C,06.16. Смена трубопроводов отопления / ГВС стальных труб на электросварные трубы,19016,19,
504,BAEC04A4-B055-4129-BDE6-9F08345D8C14,06.19. Смена отдельных участков внутренних чугунных канализационных выпусков. Диаметр канализационного выпуска до 50мм,19019,19,
505,1CC08BFA-8A7F-41D3-A291-1B63DB377240,06.20. Смена отдельных участков внутренних чугунных канализационных выпусков. Диаметр выпуска до 76-100мм,19020,19,
509,1EB0FE4B-27C5-4A7E-9AA6-6DB5CF7AA34E,06.24. Ремонт смывных бачков типа 'Компакт',19024,19,
513,2DD92067-72F2-4195-B2F9-C86B0FB0B103,"06.28. Смена выключателя,переключателя,штепсельной розетки скрытой проводки",19028,19,
518,,Проведение технических условий,19032,19,
523,2380DED5-9C18-4CFD-B58F-AC67C4EAA9F5,"06.37. Смена отдельных участков наружной электропроводки. Число и сечение жил в проводе,м2:2*1,5;2*2,5",19037,19,
524,432535EF-1D79-47CD-A86E-865E04800708,"06.38. Смена отдельных участков наружной электропроводки. Число и сечение жил в проводе,м2:3*1,5;3*2,5",19038,19,
526,52BBBF56-79B2-4AF9-8A7B-B24B9ACDC5B4,06.40. Выдача технических условий на переустройство и/или перепланировку жилых помещений,19040,19,
532,23DCFEEB-2B5A-4DF0-9B5C-055EA82134A1,07.03. Обработка от грызунов(дератизация),31003,31,
533,B5355959-6CD8-46E8-ADDF-75BBD65B20D4,07.04. Обработка от насекомых(дезинсекция),31004,31,
534,0EA324B3-89CC-4030-B069-A83D4B21BEE5,07.05. Неубранный карниз над подъездом,31005,31,
540,0C0087DD-54D5-48BE-B758-DFDB941F1424,08.04. Нет отопления,5017,5,
546,4D4017B2-6521-44EA-A19C-F18FB870918D,09.03. Неисправность систем пожаробезопасности,13002,13,
547,A8F3489B-C3E2-4AFD-AF44-05A5723EEA65,10.01. Засор канализационного стояка,14001,14,
548,4004AB1A-9DD6-4A9C-B50F-6B20F953D6D5,10.02. Течь канализационного стояка,14002,14,
552,9B1753AB-A1C4-446B-8793-2BECCDE3D236,10.06. Протечка канализационного отвода на кухне,14006,14,
558,B812EA13-0CF1-4D3E-8820-814B79BD57A6,11.02. Течь водного крана,8008,8,
560,CB4238D5-2F41-4F18-94F2-54B14BEF8F85,11.04. Нет горячей воды,8001,8,
565,0626F94C-BD5B-4CF5-AD16-4263BDFD5FD5,11.09. Нет напора воды в кране ГВС,8002,8,
566,36ACFB63-E246-4BDC-A5AF-863865E92667,11.10. Холодный полотенцесушитель,8005,8,
570,870670D5-66BD-45D9-A023-CEE04831EE51,19.04. Захламление дворовой территории,24001,24,
572,FBA49911-A451-4014-969E-DBC86137C1CD,19.06. Некачественное содержание детской площадки (санитарное содержание),24013,24,
573,D99D2431-8D79-4A7E-8220-E4220C2C96FC,19.07. Некачественное содержание спортивной площадки (санитарное содержание),24014,24,
575,5E1D859C-DC9E-438C-8C28-1277C15294FD,19.09. Некачественное содержание малых архитектурных форм,24005,24,
576,1455054F-5C77-4016-B411-8C7BE4C97746,"19.10. Подтопление придомовой территории (засорение водоприемных колодцев, решеток колодцев и трубопроводов водосточной сети, изменение вертикальных отметок асфальта)",24016,24,
578,8EF3A01C-E7B6-4931-BDA5-70E8A064B2A5,19.12. Повреждение ограждений газонов (некапитальный ремонт),24018,24,
579,FC7B0A6D-C35B-4A8E-B120-6FE481056DDE,19.13. Гололед во дворе,24019,24,
580,AF884F72-8FE6-428F-9E79-25CD5701B796,19.14. Гололед на проезжей части/тротуаре,24020,24,
582,2BE83632-9CBD-45F7-BB09-41B73F089BAB,19.16. Отсутствие песка в песочнице,24022,24,
583,BB5F53D5-2FBB-49A7-BB5F-FA85AFBD47BD,19.17. Ненадлежащий уход за зелеными насаждениями,24023,24,
584,4310BF60-754F-4134-9AFE-0EB89ED5CB17,19.18. Брошенный разукомплектованный автомобиль,24003,24,
590,CCA721EA-9220-42A8-8F72-DEE328557DFB,19.24. Нарушение графика вывоза бытовых отходов,24006,24,
593,060D43C2-0E23-43D9-92C0-EF5421D70690,01.14. Нет напора воды в кране ХВС,9002,9,
598,BA34E2A2-4C1A-453B-9A2D-EC6FA38B0A03,13.02. Протечка кровли,1004,1,
599,3A43B50E-E90B-4E34-A732-7AC0954D84E7,13.03. Протечка ливнёвки,1007,1,
600,12FCE6B9-4B93-4C86-B4E2-D9902D6F6E0A,"13.04. Неубранные сосульки, наледь и снег, свисающие с крыши и карнизов",3002,3,
602,59524D2B-CFF1-4840-9C49-3685CC488DCE,12.02. Отключение электроснабжения,10001,10,
605,A34D1720-22D3-4536-884E-1D801CBD4491,12.05. Искрит в эл. щите,10002,10,
613,41C9E3EB-D903-4D4B-A229-B81742CF91C3,14.03. Несанкционированные надписи и рисунки на фасадах жилых зданий,2011,2,
619,BA9854D2-EC34-4376-9B2E-646880344C0A,15.02. Стена осыпается,33002,33,
624,A930124D-8916-4299-BF5A-9FD6FB8CA0FC,"17.01. Незаконное проживание мигрантов в местах общего пользования (подвалы, чердаки)",18008,18,
626,91841D65-FC85-450C-AAEA-D80405E1199D,"17.03. Нарушение при создании ТСЖ (подготовка ответа, проведение проверки)",35002,35,
629,4BEEF78E-6AC0-4A30-8317-E96F9B3F08F2,17.06. Нарушения при предоставлении информации от управляющей организации,25008,25,
631,,20.01. Иное,99001,99,
632,,20.02. Работы на ГВС + отопление,99001,99,
633,,20.03. Работы на ХВС+канализация,99001,99,
635,,20.04. Домофон,99001,99,
636,,21.01. Яма на проезжей части,24010,24,
637,,21.02. Яма на внутридворовом проезде.,24010,24,
638,,21.03. Гололед на тротуаре.,24020,24,
639,,21.04. Не расчищен от снега проход  к тротуару.,24027,24,
640,,21.05. Не убран снег в парковочных карманах,24021,24,
641,,21.06. Снежный накат на дороге,99001,99,
642,,21.07. Не убран снег на остановочном пункте.,24027,24,
643,,21.08. Мусор на остановочном пункте.,99001,99,
644,,21.09. Сломаны элементы детской/спортивной площадки,99001,99,
645,,21.10. Нарушение целостности ограждения детской/спортивной площадки,99001,99,
646,,21.11. Незаконное ограждение парковочного места,99001,99,
647,,21.12. Незаконное заграждения проезда,99001,99,
648,,21.13. Мусор на газоне/тротуаре,99001,99,
649,,21.14. Переполненные урны,99001,99,
650,,21.15. Сломана урна / скамейка,99001,99,
651,,21.16. Несанкционированная мусорная свалка,99001,99,
653,,21.18. Не удалены / не вывезены порубочные остатки,24025,24,
654,,21.19. Угроза падения сухих веток.,24028,24,
655,,21.20. Не скошена трава,24024,24,
656,,21.21. Не горит фонарь на опоре уличного освещения.,24012,24,
657,,21.22. Угроза падения дерева на провода уличного освещения.,24028,24,
658,,21.23. Ветви дерева задевают провода уличного освещения.,99001,99,
659,,21.24. Обрыв провода / провод на земле.,10004,10,
660,,04.12. Не закрыт люк (дверь) в технические помещения.,18012,18,
661,,04.13. Вызов специалиста для обследования,99001,99,
662,,04.14. Отсутствуют/сломаны замки/ручки на оконных рамах в подъезде.,99001,99,
663,,20.05. Информирование,99001,99,
668,,04.11.01. Ремонт/замена домофона - внутриквартирного устройства,3031,3,
669,,04.11.02. Ремонт/замена домофона - запирающего устройства,3030,3,
670,,04.11.03. Ремонт/замена домофона - изготовление ключа к домофону,3030,3,
671,,04.11.04. Ремонт/замена домофона - общедомовое устройство,3031,3,
672,,04.11.05. Ремонт/замена домофона - переговорное устройство,3027,3,
673,,04.11.06. Ремонт/замена домофона - отсутствует / не работает блок питания или зарядное устройство,3032,3,
674,,06.44. Ремонт электрического звонка,19027,19,
676,,06.46. Установка дополнительной розетки,19033,19,
680,,"06.50. Отключение стояка отопления, ХВС, ГВС для ремонта",19050,19,
694,,Демо,,,
695,,12.11. Установка индивидуального электросчетчика,,,
696,,12.12. Замена индивидуального электросчетчика,,,
697,,11. Горячее водоснабжение,,,
698,,02. Лифт,,,
699,,01. Холодное водоснабжение,,,
700,,03. Газовые сети,,,
701,,04. Техническое обслуживание,,,
702,,05. Текущий ремонт,,,
703,,06. Платные услуги,,,
704,,07. Санитарное состояние/содержание,,,
705,,08. Отопление,,,
706,,"09. Вентканалы, дымоходы",,,
707,,10. Канализация,,,
708,,19. Благоустройство дворовой территории,,,
709,,13. Кровля,,,
710,,12. Электрические сети,,,
711,,14. Фасад,,,
712,,15. Стены,,,
713,,16. Фундамент,,,
714,,17. Нарушения,,,
716,,20. Иное,,,
717,,21. Благоустройство и содержание городских территорий,,,
935,,04.11.07. Домофон - заявка на подключение аудиотрубки,,,
936,,04.11.08. Домофон - заявка на подключение видеодомофона,,,
937,,20.06. Доступ в личный кабинет (авторизация).,,,
938,,04.11.09. Домофон - заявка на ключ,,,
1101,,99. Классификатор ГЖИ ( мосрег ),,,
1162,,"99.12.01. Неисправности лифтового оборудования (вибрация кабины, повреждения в блоке управления, освещение лифта, не работает двухсторонняя связь,переподъем или переспуск кабины относительно ",12001,12,
1166,,99.13.01. Неисправность систем дымоудаления,13001,13,
1167,,99.13.02. Неисправность систем пожарной сигнализации,13002,13,
1168,,99.13.03. Неисправность систем пожаротушения (в т.ч.пожарный гидрант в МКД),13003,13,
1186,,99.18.08. Незаконное проживание людей в местах общего пользования (в т.ч. подвалы),18008,18,
1211,,99.19.20. Смена отдельных участков внутренних чугунных канализационных выпусков. Диаметр канализационного выпуска до 76-100 мм,19020,19,
1259,,99.21.01. Неисполнение решения собрания собственников,21001,21,
1291,,11. Горячее водоснабжение,,,
1295,,11.04. Нет горячей воды,8001,8,
1300,,11.09. Нет напора воды в кране ГВС,8002,8,
1301,,11.10. Холодный полотенцесушитель,8005,8,
1302,,02. Лифт,,,
1313,,01. Холодное водоснабжение,,,
1327,,01.14. Нет напора воды в кране ХВС,9002,9,
1332,,03. Газовые сети,,,
1333,,03.01. Прорыв газового трубопровода,99001,99,
1335,,03.03. Запах газа в подъезде или у подъезда,7028,7,
1338,,03.06. Запах газа в квартире или у квартиры,7028,7,
1345,,"03.13. Прочистка,калибровка сопла горелки плиты",7012,7,
1347,,03.15. Подключение газовой колонки к газопроводу без доп.работ,7020,7,
1348,,03.16. Замена газовой колонки без изменения проводки с пуском газа и устройством дымоудаления,7021,7,
1349,,"03.17. Замена газовой колонки с новой подводкой водопровода,газопровода,пуском газа и устройством дымоудаления",7022,7,
1350,,"03.18. Снятие,установка теплообменника колонки",7014,7,
1354,,03.22. замена газового крана на опуске,7027,7,
1355,,03.23. Диагностика и обследование газового оборудования,7028,7,
1357,,04. Техническое обслуживание,3023,3,
1360,,04.03. Не работает предподъездное освещение,3018,3,
1362,,04.05. Отсутствует остекление в подъезде/разбитые окна ( летний период),3019,3,
1363,,04.06. Отсутствует остекление в подъезде/разбитые окна(зимний период),6001,6,
1364,,04.07. Неисправный мусоропровод,3025,3,
1365,,04.08. Отсутствуют замки на входных дверях в подвалах/мусорокамеры,3005,3,
1366,,04.09. Неисправность/недоступность инфраструктуры для маломобильных граждан(установка/ремонт пандусов),99001,99,
1368,,04.11. Домофон.,,,
1369,,04.12. Не закрыт люк (дверь) в технические помещения.,18012,18,
1370,,04.13. Вызов специалиста для обследования,99001,99,
1371,,04.14. Отсутствуют/сломаны замки/ручки на оконных рамах в подъезде.,99001,99,
1373,,04.11.01. Домофон - не проходит звонок (не слышно),3031,3,
1374,,04.11.02. Домофон - не открывается замок с кнопки,3030,3,
1375,,04.11.03. Домофон - не открывается замок с ключа,3030,3,
1376,,04.11.04. Домофон - нет видеоизображения (или плохое) на мониторе,3031,3,
1377,,04.11.05. Домофон - не работает индивидуальный код на подъезд,3027,3,
1378,,04.11.06. Домофон - отсутствует / не работает блок питания или зарядное устройство,3032,3,
1379,,04.11.07. Домофон - заявка на подключение аудиотрубки,3027,3,
1380,,04.11.08. Домофон - заявка на подключение видеодомофона,3027,3,
1381,,04.11.09. Домофон - заявка на ключ,3027,3,
1382,,05. Текущий ремонт,,,
1384,,05.02. Ремонт/замена почтовых ящиков в подъезде,3015,3,
1386,,"05.04. Ремонт перил,поручней",3004,3,
1389,,05.07. Некачественный текущий ремонт,30005,30,
1390,,06. Платные услуги,,,
1392,,06.02. Замена смесителя 'Елочка',19002,19,
1395,,06.05. Замена унитаза 'Компакт',19005,19,
1403,,06.13. Смена трубопроводов холодного водоснабжения на трубы металлопласта,19013,19,
1405,,06.15. Смена трубопроводов отопления / ГВС стальных труб на полипропиленовые трубы,19015,19,
1406,,06.16. Смена трубопроводов отопления / ГВС стальных труб на электросварные трубы,19016,19,
1409,,06.19. Смена отдельных участков внутренних чугунных канализационных выпусков. Диаметр канализационного выпуска до 50мм,19019,19,
1410,,06.20. Смена отдельных участков внутренних чугунных канализационных выпусков. Диаметр выпуска до 76-100мм,19020,19,
1414,,06.24. Ремонт смывных бачков типа 'Компакт',19024,19,
1418,,"06.28. Смена выключателя,переключателя,штепсельной розетки скрытой проводки",19028,19,
1427,,"06.37. Смена отдельных участков наружной электропроводки. Число и сечение жил в проводе,м2:2*1,5;2*2,5",19037,19,
1428,,"06.38. Смена отдельных участков наружной электропроводки. Число и сечение жил в проводе,м2:3*1,5;3*2,5",19038,19,
1430,,06.40. Выдача технических условий на переустройство и/или перепланировку жилых помещений,19040,19,
1434,,06.44. Ремонт электрического звонка,19027,19,
1436,,06.46. Установка дополнительной розетки,19033,19,
1440,,"06.50. Отключение стояка отопления, ХВС, ГВС для ремонта",19050,19,
1447,,07. Санитарное состояние/содержание,,,
1450,,07.03. Обработка от грызунов(дератизация),31003,31,
1451,,07.04. Обработка от насекомых(дезинсекция),31004,31,
1452,,07.05. Неубранный карниз над подъездом,31005,31,
1455,,08. Отопление,,,
1459,,08.04. Нет отопления,5017,5,
1470,,"09. Вентканалы, дымоходы",,,
1473,,09.03. Неисправность систем пожаробезопасности,32003,32,
1474,,10. Канализация,,,
1475,,10.01. Засор канализационного стояка,14001,14,
1476,,10.02. Течь канализационного стояка,14002,14,
1480,,10.06. Протечка канализационного отвода на кухне,14006,14,
1486,,19. Благоустройство дворовой территории,,,
1490,,19.04. Захламление дворовой территории,24001,24,
1492,,19.06. Некачественное содержание детской площадки (санитарное содержание),24013,24,
1493,,19.07. Некачественное содержание спортивной площадки (санитарное содержание),24014,24,
1495,,19.09. Некачественное содержание малых архитектурных форм,24005,24,
1496,,"19.10. Подтопление придомовой территории (засорение водоприемных колодцев, решеток колодцев и трубопроводов водосточной сети, изменение вертикальных отметок асфальта)",24016,24,
1498,,19.12. Повреждение ограждений газонов (некапитальный ремонт),24018,24,
1499,,19.13. Гололед во дворе,24019,24,
1500,,19.14. Гололед на проезжей части/тротуаре,24020,24,
1502,,19.16. Отсутствие песка в песочнице,24022,24,
1503,,19.17. Ненадлежащий уход за зелеными насаждениями,24023,24,
1504,,19.18. Брошенный разукомплектованный автомобиль,24003,24,
1510,,19.24. Нарушение графика вывоза бытовых отходов,24006,24,
1512,,13. Кровля,,,
1514,,13.02. Протечка кровли,1004,1,
1515,,13.03. Протечка ливнёвки,1007,1,
1516,,"13.04. Неубранные сосульки, наледь и снег, свисающие с крыши и карнизов",3002,3,
1517,,12. Электрические сети,,,
1519,,12.02. Отключение электроснабжения,10001,10,
1522,,12.05. Искрит в эл. щите,10002,10,
1528,,12.11. Установка индивидуального электросчетчика,19044,19,
1529,,12.12. Замена индивидуального электросчетчика,19046,19,
1530,,14. Фасад,,,
1533,,14.03. Несанкционированные надписи и рисунки на фасадах жилых зданий,2011,2,
1538,,15. Стены,,,
1540,,15.02. Стена осыпается,33002,33,
1542,,16. Фундамент,,,
1546,,17. Нарушения,,,
1547,,"17.01. Незаконное проживание мигрантов в местах общего пользования (подвалы, чердаки)",18008,18,
1549,,"17.03. Нарушение при создании ТСЖ (подготовка ответа, проведение проверки)",35002,35,
1552,,17.06. Нарушения при предоставлении информации от управляющей организации,25008,25,
1555,,20. Иное,,,
1556,,20.01. Иное,99001,99,
1557,,20.02. Работы на ГВС + отопление,99001,99,
1558,,20.03. Работы на ХВС+канализация,99001,99,
1559,,20.04. Слаботочные сети,99001,99,
1560,,20.05. Информирование,99001,99,
1561,,20.06. Доступ в личный кабинет (авторизация).,,,
1562,,21. Благоустройство и содержание городских территорий,,,
1563,,21.01. Яма на проезжей части,24010,24,
1564,,21.02. Яма на внутридворовом проезде.,24010,24,
1565,,21.03. Гололед на тротуаре.,24020,24,
1566,,21.04. Не расчищен от снега проход  к тротуару.,24027,24,
1567,,21.05. Не убран снег в парковочных карманах,24021,24,
1568,,21.06. Снежный накат на дороге,99001,99,
1569,,21.07. Не убран снег на остановочном пункте.,24027,24,
1570,,21.08. Мусор на остановочном пункте.,99001,99,
1571,,21.09. Сломаны элементы детской/спортивной площадки,99001,99,
1572,,21.10. Нарушение целостности ограждения детской/спортивной площадки,99001,99,
1573,,21.11. Незаконное ограждение парковочного места,99001,99,
1574,,21.12. Незаконное заграждения проезда,99001,99,
1575,,21.13. Мусор на газоне/тротуаре,99001,99,
1576,,21.14. Переполненные урны,99001,99,
1577,,21.15. Сломана урна / скамейка,99001,99,
1578,,21.16. Несанкционированная мусорная свалка,99001,99,
1580,,21.18. Не удалены / не вывезены порубочные остатки,24025,24,
1581,,21.19. Угроза падения сухих веток.,24028,24,
1582,,21.20. Не скошена трава,24024,24,
1583,,21.21. Не горит фонарь на опоре уличного освещения.,24012,24,
1584,,21.22. Угроза падения дерева на провода уличного освещения.,24028,24,
1585,,21.23. Ветви дерева задевают провода уличного освещения.,99001,99,
1586,,21.24. Обрыв провода / провод на земле.,10004,10,
1587,,99. Классификатор ГЖИ ( мосрег ),,,
1603,,99.3.3. Не исправно освещение подъезда/входной группы,3023,3,
1648,,"99.12.1. Неисправности лифтового оборудования (вибрация кабины, повреждения в блоке управления, освещение лифта, не работает двухсторонняя связь,переподъем или переспуск кабины относительно э",12001,12,
1736,,"99.21.2. МП: Подтопление, захламление, загрязнение и загромождение приямков",24016,24,
1742,,99.21.8. МП: Повреждение крепления или использование газопровода в качестве опор для других устройств,7003,7,
1747,,99.21.13. МП: Ненадлежащее состояние оборудования и отопительных приборов системы центрального отопления,99001,99,
1751,,99.21.17. МП: Неисправность кровли и систем водоотведения (наружный водосток),1004,1,
1752,,99.21.18. МП: Обслуживание и ремонт запирающего устройства на входной двери в подъезд,3028,3,
1754,,99.21.20. МП: Раскрытие информации,25002,25,
1755,,"99.21.21. МП: Ненадлежащее санитарное состояние подъездов и лифтов (нарушение периодичности уборки, наличие мусора и грязи, насекомые, грызуны, запах)",3013,3,
1764,,99.21.31. МП: Несвоевременная очистка козырьков над подъездами от мусора,1003,1,
1766,,99.21.33. МП: Неисправности входных дверей на чердак и выхода на кровлю,18012,18,
1767,,99.21.34. МП: Неисправность систем дымоудаления/Неисправность систем пожаротушения (в т.ч.пожарный гидрант в МКД),99001,99,
1768,,99.21.35. МП: Незаконное проживание людей в местах общего пользования ,18008,18,
1773,,"99.21.40. МП: Неисправности лифтового оборудования (вибрация кабины, повреждения в блоке управления, освещение лифта, не работает двухсторонняя связь,переподъем или переспуск кабины относител",12001,12,
1778,,88. Горячая линия,,,
1779,,88.01. Холодное водоснабжение,,,
1781,,88.01.02 Заливает из вышераположенной,,,
1782,,88.02 Горячее водоснабжение,,,
1783,,88.01.03 Нет напора воды в кране ХВС,,,
1785,,88.02.01 Заливает из вышерасположенной квартиры,,,
1787,,88.01.06 Опломбировка счетчика,,,
1790,,88.02.02 Ненадлежащее качество коммунальнй услуги по горячему водоснабжению низкая/высокая температура горячей воды в квартире,,,
1792,,88.02.03 Нет горячей воды,,,
1794,,88.02.04 Нет напора воды в кране ГВС,,,
1795,,88.02.05 Низкая температура ГВС,,,
1796,,88.02.06 Опломбировка счетчика,,,
1798,,88.01.11 Смена пробко-сальниково крана ХВС в подвале,,,
1813,,88.02.15 Холодный полотенцесушитель,,,
1817,,88.01.22 Течь стояка,,,
1818,,88.03 Отопление,,,
1819,,88.02.16 Течь стояка ГВС,,,
1820,,88.04. Электрические сети,,,
1824,,88.04.02 Искрит в эл. щитке,,,
1826,,88.03.04 Нет отопления,,,
1828,,88.03.06 Низкая температура центрального отопления,,,
1831,,88.03.07 тсутствие в МКД ОДПУ,,,
1835,,88.04.06 Неисправность в электроплите ( с выходом из строя одной конфорки и жарочного шкафа),,,
1837,,88.04.07 Неисправность в электроплите ( с отключением всей электроплиты),,,
1838,,88.04.08 Нет уличного освещения над подъездом (гусак).,,,
1839,,88.04.09 В дневное время не отключают уличное освещение,,,
1840,,88.04.10 Отключение электроснабжения,,,
1841,,88.05. Канализация,,,
1842,,88.05. 01 Заливает из вышерасположенной,,,
1843,,88.05.02 Запах канализации,,,
1850,,88.05.03 Засор канализации в подвале,,,
1851,,88.05.04 Засор канализации в подъезде,,,
1852,,88.05.05 Засор канализационного отвода  в ванной,,,
1853,,"88.03.17 Течь отопительнго прибора, при наличии вводных кранов",,,
1854,,88.05.06 Засор канализационного отвода  в кухне,,,
1855,,"88.03.18 Течь отопительнго прибора, при наличии вводных кранов в МОП",,,
1857,,88.05.08 Засор канализационного стояка,,,
1858,,88.05.09 Конденсат,,,
1863,,88.05.14 Течь канализационного стояка,,,
1864,,88.06 Кровля,,,
1866,,"88.06.02 Неубранные сосульки, наледь и снег, свисающие с крыши и карнизов",,,
1867,,88.06.03 Протечка кровли,,,
1868,,88.08. Вентиляционные каналы,,,
1872,,88.08.02 Отсутствие тяги в дымоходах и вентиляционных каналах,,,
1874,,88.07.01 Акт о залитии из вышерасположенной квартиры,,,
1875,,88.09. Газ,,,
1876,,88.07.02 Акт от залитии с кровли,,,
1877,,88.07.03 Акт о замере температуры ГВС,,,
1878,,88.07.04 Акт о замере температуры центрального отопления в квартире,,,
1879,,88.07.05 Акт о признание жилых помещений непригодными для проживания,,,
1882,,88.09.03 Диагностика и обледование газового оборудования,,,
1883,,88.09.04 Замена газового котла без сварочых работ,,,
1885,,88.11 Благоустройство территорий,,,
1886,,88.11.01 Брошеный разукомплектованный автомобиль,,,
1889,,"88.09.07 Замена газовой колонки с новой подводкой водопровода, пуском газа и устройством дымоудаления (гофра)",,,
1890,,88.11.03 Гололед во дворе,,,
1892,,88.11.04 Гололед на проезжей части/тротуаре,,,
1894,,88.11.06 Захламление дворовой территории,,,
1895,,88.11.07 Захламление  территории,,,
1897,,88.11.09 Нарушение графика вывоза бытовых отходов (в том числе с контейнерных площадок),,,
1898,,88.11.10 Нарушение правил уборки и вывоза строительных отходов и материалов,,,
1899,,88.11.11 Нарушение правил уборки мест массового посещения и отдыха,,,
1900,,88.11.12 Нарушение правил уборки территории контейнерной площадки,,,
1901,,88.09.09 Замена газовой плиты со сварочными  работами,,,
1902,,88.11.13 Нарушение правил уборки территорий,,,
1903,,88.09.10 Запах газа в квартире или возле квартиры,,,
1904,,88.11.14 Незаконная вырубка деревьев в населенных пунктах,,,
1905,,88.09.11 Запах газа в подъезде или возле подъезда,,,
1906,,88.09.12 Использование газопроводов в качестве опор для других устройств,,,
1907,,88.11.15 Незаконное размещение рекламных кнструкций и информационных материалов,,,
1911,,88.11.17 Неисправные фонари освещения в парках и скверах,,,
1912,,88.09.15 Подключение газовой колонки к газопроводу без до. работ (гофра),,,
1914,,88.11.18 Неисправные фонари освещения на детской или спортивной площадке,,,
1915,,88.09.17  Прорыв газового трубопровода,,,
1916,,88.11.19 Неисправные фонари освещения на контейнерной площадке,,,
1919,,"88.11.20 Неисправные фонари освещения на улицах, проездах и площадях",,,
1922,,88.11.21 Некачественное содержание детской площадки (санитарное состояние),,,
1923,,"88.09.22 Снятие, установка теплообменника газовой колонки",,,
1924,,88.11.22 Некачественное содержание малых архитектурных форм,,,
1925,,88.09.23 Техническое обслуживание вентиляционного канала газового оборудования,,,
1926,,88.11.23 Некачественное сожержание спортивной площадки (санитарное состояние),,,
1927,,88.09.24 Устранения течи воды в резьбовом соеденении,,,
1928,,88.11.24 Некачественное сожержание зеленых насаждений (газон),,,
1929,,88.09.25 Чистка горелки газовой колонки,,,
1931,,88.11.25 Ненадлежащее состояние (отсутствие) информационного щита на детской площадке,,,
1932,,88.11.26 Ненадлежащее состояние деревьев и кустарников,,,
1933,,88.10. Санитарное состояние / содержание,,,
1936,,"88.10.03 Ненадлежащая уборка подъездов, лифтов (нарушение периодичности уборки, наличие мусора и грязи)",,,
1937,,88.10.04 Неубранный карниз над подъездом,,,
1939,,88.11.27 Ненадлежащее состояние игровых элементов на детской или спртивной площадке,,,
1944,,88.12. Техническое обслуживание,,,
1946,,88.12.02 Магнитные ключи (домофон),,,
1947,,88.12.03 Не работает предподъездное освещение,,,
1950,,88.12.06 Неисправности оконных рам,,,
1951,,88.12.07 Неисправность внутриквартирного устройства,,,
1953,,88.11.28 Ненадлежащее состояние лавочек на детской или спортивной площадке,,,
1954,,"88.12.09 Неисправность выступающих конструкций: балконов, козырьков, эркеров, карнизов, входных крылец и т.п.",,,
1956,,88.11.29 Ненадлежащее состояние ограждений на детской или спортивной плщадке,,,
1957,,88.12.11 Неисправность магнита запирающего устройства,,,
1958,,88.11.30 Ненадлежащее состояние покрытия на детской или спортивной площадке,,,
1959,,88.12.12 Неисправность общедомового устройства домофона,,,
1960,,88.12.13 Неисправность переговорного устройства домофона,,,
1961,,"88.11.31 Ненадлежащее состояние фасадов нежилых зданий, объектов и ограждений",,,
1963,,88.11.32 Ненадлежащий уход за зелеными насаждениями,,,
1964,,88.12.15 Неисправность / недоступность инфаструктуры для маломобильных граждан (установка или ремонт пандусов),,,
1965,,88.12.16 Неисправный мусороровод,,,
1966,,88.11.33 Неправильное размещение мусорных контейнеров,,,
1967,,88.12.17 Отсутствует остекление в подъезде / разбитые окна (летний период),,,
1968,,88.12.18 Отсутствует остекление в подъезде / разбитые окна (зимний период),,,
1969,,88.11.34 Несанкционированные свалки и навалы мусора во дворах и на территории общего пользования,,,
1970,,"88.12.19 Отсутствует, не работает запорное устройтво",,,
1971,,88.11.35 Несвевременное восстановление благоустройства территорий после разрытий,,,
1972,,88.12.20 Отсутствуют замки на входных дверях в подвал или мусорокамеры,,,
1974,,88.12.21 Ремонт замена домофона,,,
1976,,88.11.38 Опиловка деревьев,,,
1977,,88.11.39 Отсутствие контейнерной площадки (необходимость установки дополнительных контейнеров),,,
1978,,88.13. Нарушения,,,
1981,,"88.13.03 Нарушение при создании ТСЖ (подготовка ответа, проведение проверки)",,,
1982,,88.13.04 Нарушения при предоставлении информации от управляющей организации,,,
1983,,"88.13.05 Незаконное проживание мигрантов в местах общего пользования (подвалы, чердаки)",,,
1984,,88.13.06 Несоответствие договора управления МКД,,,
1985,,88.13.07 Переустройство подвального (перепланировка) помещения,,,
1986,,88.13.08 Складирование реагентов в поещениях общего пользования,,,
1987,,"88.13.09 Шум от работы инженерного оборудования, размещенного в подвале, на чердаке или в МОП",,,
1988,,"88.11.40 Отсутствие ограждений, препятствующих заезду на зеленые насаждения и детские площадки",,,
1989,,88.14. Капитальный ремонт ЖКХ,,,
1990,,88.14.01 Некачественно выполненный капитальный ремонт,,,
1991,,88.14.02 Не проведение капитального ремонта,,,
1992,,88.15.  Текущий ремонт,,,
1993,,88.15.01 Неисправность конструкций полов,,,
1994,,88.15.02 Некачественный текущий ремонт,,,
1996,,88.15.04 Ремонт или замена почтовых ящиков в подъезде,,,
1998,,"88.15.06 Ремонт перил, поручней",,,
2001,,88.16. Стены,,,
2005,,88.16.04 Стена осыпается,,,
2006,,88.17. Фундамент,,,
2010,,88.18. Фасад,,,
2012,,"88.18.02 Неисправность герметизации межпанельных швов, стыков и стеновых панелей",,,
2013,,88.18.03 Несанкционированные надписи и рисунки на фасадах жилых зданий,,,
2016,,"88.18.06 Отсутствие, повреждение указателей с наименованием улицы номером дома",,,
2019,,88.19. Лифт,,,
2025,,88.19.06 Не работает связь в лифте,,,
2028,,88.19.09 Неисправности лифтового оборудования,,,
2030,,88.19.11 Переподъем или перепуск кабины относительно этажа,,,
2031,,88.20.  Платные услуги,,,
2034,,88.20.03 Замена ванны (любой модели),,,
2041,,"88.20.10 Замена смесителя ""Елочка""",,,
2050,,88.11.41 Отсутствие песка в песочнице,,,
2060,,88.20.28  Устранение засоров внутренней канализации в санитарных приборах,,,
2061,,88.20.29  Устранение засоров внутренней канализации в трубопроводах,,,
2063,,88.20.31 Смена мойки на кронштейнах на 1 отделении,,,
2064,,88.20.32  Смена отдельных участков внутрених чугунных канализационных выпусков. Диаметр канализационного выпуска до 76-100 мм,,,
2065,,88.20.33  Смена отдельных участков внутрених чугунных канализационных выпусков. Диаметр канализационного выпуска до 50 мм,,,
2066,,"88.20.34 Смена отдельных участков наружной электропроводки. Число и сечение жтд в проводке, м2: 2*1,5; 2*2,25",,,
2067,,"88.20.35 Смена отдельных участков наружной электропроводки. Число и сечение жтд в проводе, м2: 2*1,5; 3*2,25",,,
2078,,"88.20.45 Отключение стояка отопления холодной воды, горячей воды для ремонта сан. технического оборудования квартиры",,,
2079,,88.11.43 Пвреждение ограждений газонов (не капитальный ремонт),,,
2082,,88.20.48 Проверка выполнения технических условий и выдача справки на выполнение работ,,,
2083,,"88.11.44 Подтопление территории (засорение водоприемных колодцев, решеток клодцев)",,,
2085,,88.20.49 Прочистка фильтра грубой очитки,,,
2086,,88.20.50 Прочистка фильтра тонкой очитки,,,
2087,,88.11.46 Разрушение тротуаров и пешехдных дорожек,,,
2091,,88.11.47 Самовольная установка ограждений на территории общего пользования,,,
2093,,88.11.48 Самвольно установленные гаражи,,,
2096,,88.11.49 Создание барьерной среды для инвалидов и маломобильных групп населения на объектах благоустройства,,,
2097,,88.11.50 Строительство новой детской площадки или модернизация игровых элементов,,,
2098,,88.11.51 Строительство тротуара (пешеходной дорожки) или обустройство нового покрытия,,,
2099,,88.21. Связь и телевидение,,,
2100,,88.11.52 Уборка территорий,,,
2101,,88.21.01  Отсутствие качественного телевизионного сигнала,,,
2102,,88.21.02  Отсутствие качественной сотовой связи,,,
2103,,88.21.03 Почта России не доставляет корреспонденцию,,,
2104,,88.22.  Управляющие компании,,,
2105,,88.22.01  Некорректное поведение сотрудников,,,
2108,,88.22.02  Отсутствие контакта с диспетчерскими службами,,,
2110,,88.23.  МФЦ,,,
2111,,88.23.01 Некорректное поведение сотрудников,,,
2112,,88.23.02 Ошибка оператора,,,
2113,,88.23.03 Прочие проблемы,,,
2114,,88.24. Плата за ЖКХ,,,
2115,,88.24.01 Завышение платы (несоответствие порядка) за коммунальные услуги,,,
2117,,88.24.03 Ошибки в начислении платы за коммунальные услуги,,,
2118,,88.25. Автомобильные дороги,,,
2119,,88.25.01 Дорога к СНТ,,,
2120,,88.25.02 Изменить организацию движения,,,
2121,,"88.25.03 Люки, ливневые канализации",,,
2122,,88.25.04 Нарушение технологии и (или) сроков производства работ,,,
2123,,88.25.05 Неисправное освещение,,,
2124,,88.25.06 Некачественно выполненый ремонт дорог,,,
2125,,"88.25.07 Некорректная разметка проезжей части, отсутствие разметки",,,
2126,,"88.25.08 Некорректное расположение знака на проезжей части, отсутствие знака",,,
2127,,88.25.09 Ненадлежащее состояние лежачих полицейских (ИДН),,,
2128,,88.25.11 Необходима установка / замена дорожных ограждений,,,
2129,,"88.25.12 Несанкционированное ограничение движения, помехи движению, захват земли в полосе отвода автодорог",,,
2130,,"88.25.13 Несанкционированные свалки, мусор на дорогах",,,
2131,,88.25.14 Несоблюдение правил уборки проезжей части,,,
2132,,88.25.15 Обустройство пешеходного перехода,,,
2133,,88.25.16 Организация парковок,,,
2134,,88.25.17  Подтопление автомобильных дорог,,,
2135,,88.25.18  Прочие проблемы,,,
2136,,"88.25.19 Работа светофора (установка, изменение режима работы, оборудование кнопкой вызова)",,,
2137,,88.25.20 Ремонт дороги,,,
2138,,"88.25.21 Содержание, ремонт и обустройство тротуаров",,,
2139,,88.25.22 Сообщить о безхозяйной дороге,,,
2140,,88.25.23 Установка дополнительных технических средств безопасности дорожного движения,,,
2141,,88.25.24 Ямы и выбоины на дороге,,,
2142,,88.26. Транспорт,,,
2143,,88.26.01 Добавить новый маршрут,,,
2144,,88.26.02  Жалобы на работу профильного ведомства (транспорт),,,
2145,,88.26.03  Изменеие класса и количества автобусов на действующем маршруте,,,
2146,,88.26.04  Изменить или отменить маршрут,,,
2147,,88.26.05  Нарушение графика движения автомобильного транспорта,,,
2148,,88.26.06  Нарушение перевозчиком правил дорожного движения,,,
2149,,"88.26.07 Несанкционированная парковка, эвакуация ТС, специализированные стоянки",,,
2150,,"22.26.08 Неудовлетварительное состояние железнодорожных переездов, ремонт, строительство новых пешеходных переходов",,,
2151,,22.26.09 Неудовлетварительное состояние железнодорожных платформ и пешеходных переходов,,,
2152,,"22.26.10 Оплата проезда, невыдача пассажиру билета",,,
2153,,22.26.11 Отсутствие на остановочных пунктах общественного транспорта информации о расписании движения транспортных средств,,,
2154,,"22.26.12 Содержание остановок общественного транспорта, установка остановочных павильонов",,,
2155,,88.27.  Образование,,,
2156,,88.27.01 Защита прав детей,,,
2157,,88.27.02 Ненадлежащее содержание территории образовательных учреждений,,,
2158,,88.27.03 Прочие проблемы,,,
2159,,"88.27.04 Строительство школ, детских садов",,,
2160,,88.28. Физкультура и спорт,,,
2161,,88.28.01 Заливка открытых хоккейных площадок,,,
2162,,88.28.02 Платные услуги в ФОК и спортшколах,,,
2163,,88.28.03 Плохая уборка спортивных площадок,,,
2164,,88.28.04 Ремонт объектов спорта,,,
2165,,88.28.05 Строительтво обектов спорта,,,
2166,,88.29. Торговля,,,
2167,,"88.29.01 Нестационарная торговля (киоски, павильоны, сезонная торговля)",,,
2168,,88.29.02 Розничная продажа алкоголя без лицензии,,,
2169,,88.29.0 Розничная продажа алкоголя без лицензии,,,
2170,,"88.29.03 Станционарная торговля (торговые центры, торговые комплексы, магазины)",,,
2171,,88.29.04 Бани,,,
2172,,"88.29.05 Стационарные объекты общественного питания (рестораны, бары, кафе, закусочные, предприятия быстрого питания, столовые, буфеты, кулинария)",,,
2173,,88.29.06 Ярмарки,,,
2174,,88.30. Сельское хозяйство и охота,,,
2175,,"88.30.01 Нецелевое использование земель, сельско-хозяйственного назначения",,,
2176,,88.30.02 Борщевик,,,
2177,,88.30.03 Лечебно-профилактические услуги,,,
2178,,88.30.04 Содержание животных,,,
2179,,88.31. Строительство,,,
2180,,88.31.01 Высокий уровень шума при выполнении строительных работ,,,
2181,,88.31.02 Наличие признаков незаконных строительных работ,,,
2182,,88.31.03 Молодые семьи,,,
2183,,"88.31.04 Обеспечение прав ""обманутых"" дольщиков",,,
2184,,88.31.05 Объект жилого назначения,,,
2185,,88.31.06 Переселение в рамках реализации договоров о развитии застроенных территорий (ДРЗТ),,,
2186,,88.31.07 Планировка территории (Министерство жилищной политики),,,
2187,,88.31.08 Промышленный объект (завод и др.),,,
2188,,88.31.09 Разрешение на строительство (Министерство жилищной политики),,,
2189,,88.31.10  Разрешение на строительство (Министерство жилищной политики Московской области),,,
2190,,"88.31.11  Семьи, имеющие 7 детей",,,
2191,,88.31.12 Соблюдение норм при расселении,,,
2192,,88.31.13 Сроки переселения,,,
2193,,88.31.14 Статус аварийности,,,
2194,,"88.31.15 Торгово-администритивный оъект (магазин, ресторан и др.)",,,
2195,,88.32. Экология,,,
2196,,88.32.01 Незаконное размещение отходов в отработанных карьерах,,,
2197,,88.32.02 Загрязнение почв от деятельности предпринимательства,,,
2198,,88.32.03 Незаконная вырубка лесов,,,
2199,,88.32.04 Неудовлетворительное состояние лесных насаждений, угрожающие падением лесные насаждения,,
2200,,88.32.05 Прочие проблемы,,,
2201,,88.32.06 Свалки мусора в лесу,,,
2202,,88.32.07 Сжигание порубочных остатков,,,
2203,,88.33. Похоронка,,,
2204,,88.33.01 Ненадлежащее содержание кладищ,,,
2205,,"88.26.08 Неудовлетворительное состояние железнодорожных переездов, ремонт, строительство новых пешеходных переходов",,,
2206,,88.26.09 Неудовлетворительное состояние железнодорожных платформ и пешеходных переходов,,,
2207,,"88.26.10 Оплата проезда, невыдача пассажиру билета",,,
2208,,88.26.11 Отсутствие на остановачных пунктах общественного транспорта информации о расписании движения транспортных средтв,,,
2209,,"88.26.12 Содержание остановок общественного транспорта, установка остановочных павильонов",,,
2210,,88.36.Безопасность,,,
2211,,"88.36.01""Безопасный регион""",,,
2212,,88.36.02 Коррупционные действия,,,
2213,,88.34  Медицина,,,
2214,,88.34.01 Благодарность,,,
2215,,88.34.02 Выдача лекарств и расходных материалов для введения лекарств,,,
2216,,88.34.03 Вызов врача на дом,,,
2217,,88.34.04 Выписка рецепта,,,
2218,,88.34.05 График работы,,,
2219,,88.34.06 Запись на прием (Минздрав),,,
2220,,88.34.07 Информация о лекарствах и расходных материалах для введения лекарств,,,
2221,,88.34.08 Качество оказываемой медицинской помощи,,,
2222,,88.34.09 Медицинская документация,,,
2223,,88.34.10 Молочная кухня,,,
2224,,88.34.11 Обеспечение врачами,,,
2225,,88.34.12 Отказ/ неполное оказание мед.помощи,,,
2226,,88.34.13 Открытие/закрытие и местонахождение аптечного пункта,,,
2227,,88.34.14 Проблемы государственных аптек,,,
2228,,88.34.15 Проблемы медицинских организаций,,,
2229,,88.34.16 Строительство нового медицинского учреждения,,,
2230,,88.34.17 Электронные медицинские сервисы Московской области,,,
2231,,88.35. Безнадзорные животные,,,
2232,,"88.35.01 Отлов безнадзорных животных (собаки, кошки)",,,
2233,,88.37. Культура,,,
2234,,88.37.01 Информация об объекте,,,
2235,,88.37.02  Ремонт и содержание,,,
2236,,88.37.03 Ремонт и содержание (дом культуры),,,
2237,,88.37.04 Услуги и деятельность (дом культуры),,,
2238,,88.38. Региональная безопасность,,,
2239,,88.38.01 Видеокамеры,,,
2240,,88.38.02 Коррупционные действия,,,
2241,,"88.38.03 Неправомерные действия (бездействие) сотрудников отдела полиции, МУ МВД России на территории Московской области",,,
2242,,88.38.04 Продажа наркотиков,,,
2243,,88.39 Земельно имущественные отношения,,,
2244,,"88.39.01 Владение, пользование и распоряжение земельным участком",,,
2245,,88.39.02 Категория земельного участка,,,
2246,,88.39.03 Наложение границ земельного участка,,,
2247,,88.39.04 Нарушения при использовании земли,,,
2248,,88.39.05 Оформление прав на земельный участок,,,
2249,,88.39.06 Плата за изменение вида разрешенного использования земельного участка,,,
2250,,88.39.07 Расчет налога,,,
2251,,88.40. Социальное обслуживание,,,
2252,,88.40.01 Государственная социальная помощь,,,
2253,,"88.40.02 Льготы и компенсации за ЖКУ, телефон, ремонт, проезд, погребение",,,
2254,,88.40.03 Поздравление ветеранов ВОВ,,,
2255,,88.40.04 Работа информационных ресурсов Минсоцразвития,,,
2256,,88.40.05 Социальные услуги,,,
2257,,88.40.06 Статус многодетной семьи,,,
2258,,88.40.07 Экстренная социальная помощь,,,
2259,,"88.36 Архитектура, дольщики",,,
2260,,88.36.01 Внесение изменений в Генплан,,,
2261,,88.36.02 Градостроительная деятельность,,,
2262,,88.36.03 Зоны с особыми условиями использования территории,,,
2263,,88.36.04 Порубочный билет,,,
2264,,"88.36.05 Проект планировки, проект межевания территории",,,
2265,,88.36.06 Сведения из Генплана,,,
2266,,88.36.07 Строительство объектов недвижимости,,,
